ticker,day
AAPL,2025-10-15
AAPL,2025-10-16
AAPL,2025-10-17
AAPL,2025-10-20
AAPL,2025-10-21
AAPL,2025-10-22
AAPL,2025-10-23
AAPL,2025-10-24
AAPL,2025-10-27
AAPL,2025-10-28
AAPL,2025-10-29
AAPL,2025-10-30
AAPL,2025-10-31
AAPL,2025-11-03
AAPL,2025-11-04
AAPL,2025-11-05
AAPL,2025-11-06
AAPL,2025-11-07
AAPL,2025-11-10
AAPL,2025-11-11
AAPL,2025-11-12
AAPL,2025-11-13
AAPL,2025-11-14
AAPL,2025-11-17
AAPL,2025-11-18
AAPL,2025-11-19
AAPL,2025-11-20
AAPL,2025-11-21
AAPL,2025-11-24
AAPL,2025-11-25
AAPL,2025-11-26
AAPL,2025-11-27
AAPL,2025-11-28
AAPL,2025-12-01
AAPL,2025-12-02
AAPL,2025-12-03
AAPL,2025-12-04
AAPL,2025-12-05
AAPL,2025-12-08
AAPL,2025-12-09
AAPL,2025-12-10
AAPL,2025-12-11
AAPL,2025-12-12
AAPL,2025-12-15
AAPL,2025-12-16
AAPL,2025-12-17
AAPL,2025-12-18
AAPL,2025-12-19
AAPL,2025-12-22
AAPL,2025-12-23
AAPL,2025-12-24
AAPL,2025-12-25
AAPL,2025-12-26
AAPL,2025-12-29
AAPL,2025-12-30
AAPL,2025-12-31
AAPL,2026-01-01
AAPL,2026-01-02
AAPL,2026-01-05
AAPL,2026-01-06
AAPL,2026-01-07
AAPL,2026-01-08
AAPL,2026-01-09
AAPL,2026-01-12
AAPL,2026-01-13
AAPL,2026-01-14
AAPL,2026-01-15
MSFT,2025-10-15
MSFT,2025-10-16
MSFT,2025-10-17
MSFT,2025-10-20
MSFT,2025-10-21
MSFT,2025-10-22
MSFT,2025-10-23
MSFT,2025-10-24
MSFT,2025-10-27
MSFT,2025-10-28
MSFT,2025-10-29
MSFT,2025-10-30
MSFT,2025-10-31
MSFT,2025-11-03
MSFT,2025-11-04
MSFT,2025-11-05
MSFT,2025-11-06
MSFT,2025-11-07
MSFT,2025-11-10
MSFT,2025-11-11
MSFT,2025-11-12
MSFT,2025-11-13
MSFT,2025-11-14
MSFT,2025-11-17
MSFT,2025-11-18
MSFT,2025-11-19
MSFT,2025-11-20
MSFT,2025-11-21
MSFT,2025-11-24
MSFT,2025-11-25
MSFT,2025-11-26
MSFT,2025-11-27
MSFT,2025-11-28
MSFT,2025-12-01
MSFT,2025-12-02
MSFT,2025-12-03
MSFT,2025-12-04
MSFT,2025-12-05
MSFT,2025-12-08
MSFT,2025-12-09
MSFT,2025-12-10
MSFT,2025-12-11
MSFT,2025-12-12
MSFT,2025-12-15
MSFT,2025-12-16
MSFT,2025-12-17
MSFT,2025-12-18
MSFT,2025-12-19
MSFT,2025-12-22
MSFT,2025-12-23
MSFT,2025-12-24
MSFT,2025-12-25
MSFT,2025-12-26
MSFT,2025-12-29
MSFT,2025-12-30
MSFT,2025-12-31
MSFT,2026-01-01
MSFT,2026-01-02
MSFT,2026-01-05
MSFT,2026-01-06
MSFT,2026-01-07
MSFT,2026-01-08
MSFT,2026-01-09
MSFT,2026-01-12
MSFT,2026-01-13
MSFT,2026-01-14
MSFT,2026-01-15
NVDA,2025-10-15
NVDA,2025-10-16
NVDA,2025-10-17
NVDA,2025-10-20
NVDA,2025-10-21
NVDA,2025-10-22
NVDA,2025-10-23
NVDA,2025-10-24
NVDA,2025-10-27
NVDA,2025-10-28
NVDA,2025-10-29
NVDA,2025-10-30
NVDA,2025-10-31
NVDA,2025-11-03
NVDA,2025-11-04
NVDA,2025-11-05
NVDA,2025-11-06
NVDA,2025-11-07
NVDA,2025-11-10
NVDA,2025-11-11
NVDA,2025-11-12
NVDA,2025-11-13
NVDA,2025-11-14
NVDA,2025-11-17
NVDA,2025-11-18
NVDA,2025-11-19
NVDA,2025-11-20
NVDA,2025-11-21
NVDA,2025-11-24
NVDA,2025-11-25
NVDA,2025-11-26
NVDA,2025-11-27
NVDA,2025-11-28
NVDA,2025-12-01
NVDA,2025-12-02
NVDA,2025-12-03
NVDA,2025-12-04
NVDA,2025-12-05
NVDA,2025-12-08
NVDA,2025-12-09
NVDA,2025-12-10
NVDA,2025-12-11
NVDA,2025-12-12
NVDA,2025-12-15
NVDA,2025-12-16
NVDA,2025-12-17
NVDA,2025-12-18
NVDA,2025-12-19
NVDA,2025-12-22
NVDA,2025-12-23
NVDA,2025-12-24
NVDA,2025-12-25
NVDA,2025-12-26
NVDA,2025-12-29
NVDA,2025-12-30
NVDA,2025-12-31
NVDA,2026-01-01
NVDA,2026-01-02
NVDA,2026-01-05
NVDA,2026-01-06
NVDA,2026-01-07
NVDA,2026-01-08
NVDA,2026-01-09
NVDA,2026-01-12
NVDA,2026-01-13
NVDA,2026-01-14
NVDA,2026-01-15
TSLA,2025-10-15
TSLA,2025-10-16
TSLA,2025-10-17
TSLA,2025-10-20
TSLA,2025-10-21
TSLA,2025-10-22
TSLA,2025-10-23
TSLA,2025-10-24
TSLA,2025-10-27
TSLA,2025-10-28
TSLA,2025-10-29
TSLA,2025-10-30
TSLA,2025-10-31
TSLA,2025-11-03
TSLA,2025-11-04
TSLA,2025-11-05
TSLA,2025-11-06
TSLA,2025-11-07
TSLA,2025-11-10
TSLA,2025-11-11
TSLA,2025-11-12
TSLA,2025-11-13
TSLA,2025-11-14
TSLA,2025-11-17
TSLA,2025-11-18
TSLA,2025-11-19
TSLA,2025-11-20
TSLA,2025-11-21
TSLA,2025-11-24
TSLA,2025-11-25
TSLA,2025-11-26
TSLA,2025-11-27
TSLA,2025-11-28
TSLA,2025-12-01
TSLA,2025-12-02
TSLA,2025-12-03
TSLA,2025-12-04
TSLA,2025-12-05
TSLA,2025-12-08
TSLA,2025-12-09
TSLA,2025-12-10
TSLA,2025-12-11
TSLA,2025-12-12
TSLA,2025-12-15
TSLA,2025-12-16
TSLA,2025-12-17
TSLA,2025-12-18
TSLA,2025-12-19
TSLA,2025-12-22
TSLA,2025-12-23
TSLA,2025-12-24
TSLA,2025-12-25
TSLA,2025-12-26
TSLA,2025-12-29
TSLA,2025-12-30
TSLA,2025-12-31
TSLA,2026-01-01
TSLA,2026-01-02
TSLA,2026-01-05
TSLA,2026-01-06
TSLA,2026-01-07
TSLA,2026-01-08
TSLA,2026-01-09
TSLA,2026-01-12
TSLA,2026-01-13
TSLA,2026-01-14
TSLA,2026-01-15
META,2025-10-15
META,2025-10-16
META,2025-10-17
META,2025-10-20
META,2025-10-21
META,2025-10-22
META,2025-10-23
META,2025-10-24
META,2025-10-27
META,2025-10-28
META,2025-10-29
META,2025-10-30
META,2025-10-31
META,2025-11-03
META,2025-11-04
META,2025-11-05
META,2025-11-06
META,2025-11-07
META,2025-11-10
META,2025-11-11
META,2025-11-12
META,2025-11-13
META,2025-11-14
META,2025-11-17
META,2025-11-18
META,2025-11-19
META,2025-11-20
META,2025-11-21
META,2025-11-24
META,2025-11-25
META,2025-11-26
META,2025-11-27
META,2025-11-28
META,2025-12-01
META,2025-12-02
META,2025-12-03
META,2025-12-04
META,2025-12-05
META,2025-12-08
META,2025-12-09
META,2025-12-10
META,2025-12-11
META,2025-12-12
META,2025-12-15
META,2025-12-16
META,2025-12-17
META,2025-12-18
META,2025-12-19
META,2025-12-22
META,2025-12-23
META,2025-12-24
META,2025-12-25
META,2025-12-26
META,2025-12-29
META,2025-12-30
META,2025-12-31
META,2026-01-01
META,2026-01-02
META,2026-01-05
META,2026-01-06
META,2026-01-07
META,2026-01-08
META,2026-01-09
META,2026-01-12
META,2026-01-13
META,2026-01-14
META,2026-01-15
AMD,2025-10-15
AMD,2025-10-16
AMD,2025-10-17
AMD,2025-10-20
AMD,2025-10-21
AMD,2025-10-22
AMD,2025-10-23
AMD,2025-10-24
AMD,2025-10-27
AMD,2025-10-28
AMD,2025-10-29
AMD,2025-10-30
AMD,2025-10-31
AMD,2025-11-03
AMD,2025-11-04
AMD,2025-11-05
AMD,2025-11-06
AMD,2025-11-07
AMD,2025-11-10
AMD,2025-11-11
AMD,2025-11-12
AMD,2025-11-13
AMD,2025-11-14
AMD,2025-11-17
AMD,2025-11-18
AMD,2025-11-19
AMD,2025-11-20
AMD,2025-11-21
AMD,2025-11-24
AMD,2025-11-25
AMD,2025-11-26
AMD,2025-11-27
AMD,2025-11-28
AMD,2025-12-01
AMD,2025-12-02
AMD,2025-12-03
AMD,2025-12-04
AMD,2025-12-05
AMD,2025-12-08
AMD,2025-12-09
AMD,2025-12-10
AMD,2025-12-11
AMD,2025-12-12
AMD,2025-12-15
AMD,2025-12-16
AMD,2025-12-17
AMD,2025-12-18
AMD,2025-12-19
AMD,2025-12-22
AMD,2025-12-23
AMD,2025-12-24
AMD,2025-12-25
AMD,2025-12-26
AMD,2025-12-29
AMD,2025-12-30
AMD,2025-12-31
AMD,2026-01-01
AMD,2026-01-02
AMD,2026-01-05
AMD,2026-01-06
AMD,2026-01-07
AMD,2026-01-08
AMD,2026-01-09
AMD,2026-01-12
AMD,2026-01-13
AMD,2026-01-14
AMD,2026-01-15
NFLX,2025-10-15
NFLX,2025-10-16
NFLX,2025-10-17
NFLX,2025-10-20
NFLX,2025-10-21
NFLX,2025-10-22
NFLX,2025-10-23
NFLX,2025-10-24
NFLX,2025-10-27
NFLX,2025-10-28
NFLX,2025-10-29
NFLX,2025-10-30
NFLX,2025-10-31
NFLX,2025-11-03
NFLX,2025-11-04
NFLX,2025-11-05
NFLX,2025-11-06
NFLX,2025-11-07
NFLX,2025-11-10
NFLX,2025-11-11
NFLX,2025-11-12
NFLX,2025-11-13
NFLX,2025-11-14
NFLX,2025-11-17
NFLX,2025-11-18
NFLX,2025-11-19
NFLX,2025-11-20
NFLX,2025-11-21
NFLX,2025-11-24
NFLX,2025-11-25
NFLX,2025-11-26
NFLX,2025-11-27
NFLX,2025-11-28
NFLX,2025-12-01
NFLX,2025-12-02
NFLX,2025-12-03
NFLX,2025-12-04
NFLX,2025-12-05
NFLX,2025-12-08
NFLX,2025-12-09
NFLX,2025-12-10
NFLX,2025-12-11
NFLX,2025-12-12
NFLX,2025-12-15
NFLX,2025-12-16
NFLX,2025-12-17
NFLX,2025-12-18
NFLX,2025-12-19
NFLX,2025-12-22
NFLX,2025-12-23
NFLX,2025-12-24
NFLX,2025-12-25
NFLX,2025-12-26
NFLX,2025-12-29
NFLX,2025-12-30
NFLX,2025-12-31
NFLX,2026-01-01
NFLX,2026-01-02
NFLX,2026-01-05
NFLX,2026-01-06
NFLX,2026-01-07
NFLX,2026-01-08
NFLX,2026-01-09
NFLX,2026-01-12
NFLX,2026-01-13
NFLX,2026-01-14
NFLX,2026-01-15
PLTR,2025-10-15
PLTR,2025-10-16
PLTR,2025-10-17
PLTR,2025-10-20
PLTR,2025-10-21
PLTR,2025-10-22
PLTR,2025-10-23
PLTR,2025-10-24
PLTR,2025-10-27
PLTR,2025-10-28
PLTR,2025-10-29
PLTR,2025-10-30
PLTR,2025-10-31
PLTR,2025-11-03
PLTR,2025-11-04
PLTR,2025-11-05
PLTR,2025-11-06
PLTR,2025-11-07
PLTR,2025-11-10
PLTR,2025-11-11
PLTR,2025-11-12
PLTR,2025-11-13
PLTR,2025-11-14
PLTR,2025-11-17
PLTR,2025-11-18
PLTR,2025-11-19
PLTR,2025-11-20
PLTR,2025-11-21
PLTR,2025-11-24
PLTR,2025-11-25
PLTR,2025-11-26
PLTR,2025-11-27
PLTR,2025-11-28
PLTR,2025-12-01
PLTR,2025-12-02
PLTR,2025-12-03
PLTR,2025-12-04
PLTR,2025-12-05
PLTR,2025-12-08
PLTR,2025-12-09
PLTR,2025-12-10
PLTR,2025-12-11
PLTR,2025-12-12
PLTR,2025-12-15
PLTR,2025-12-16
PLTR,2025-12-17
PLTR,2025-12-18
PLTR,2025-12-19
PLTR,2025-12-22
PLTR,2025-12-23
PLTR,2025-12-24
PLTR,2025-12-25
PLTR,2025-12-26
PLTR,2025-12-29
PLTR,2025-12-30
PLTR,2025-12-31
PLTR,2026-01-01
PLTR,2026-01-02
PLTR,2026-01-05
PLTR,2026-01-06
PLTR,2026-01-07
PLTR,2026-01-08
PLTR,2026-01-09
PLTR,2026-01-12
PLTR,2026-01-13
PLTR,2026-01-14
PLTR,2026-01-15
SPY,2025-10-15
SPY,2025-10-16
SPY,2025-10-17
SPY,2025-10-20
SPY,2025-10-21
SPY,2025-10-22
SPY,2025-10-23
SPY,2025-10-24
SPY,2025-10-27
SPY,2025-10-28
SPY,2025-10-29
SPY,2025-10-30
SPY,2025-10-31
SPY,2025-11-03
SPY,2025-11-04
SPY,2025-11-05
SPY,2025-11-06
SPY,2025-11-07
SPY,2025-11-10
SPY,2025-11-11
SPY,2025-11-12
SPY,2025-11-13
SPY,2025-11-14
SPY,2025-11-17
SPY,2025-11-18
SPY,2025-11-19
SPY,2025-11-20
SPY,2025-11-21
SPY,2025-11-24
SPY,2025-11-25
SPY,2025-11-26
SPY,2025-11-27
SPY,2025-11-28
SPY,2025-12-01
SPY,2025-12-02
SPY,2025-12-03
SPY,2025-12-04
SPY,2025-12-05
SPY,2025-12-08
SPY,2025-12-09
SPY,2025-12-10
SPY,2025-12-11
SPY,2025-12-12
SPY,2025-12-15
SPY,2025-12-16
SPY,2025-12-17
SPY,2025-12-18
SPY,2025-12-19
SPY,2025-12-22
SPY,2025-12-23
SPY,2025-12-24
SPY,2025-12-25
SPY,2025-12-26
SPY,2025-12-29
SPY,2025-12-30
SPY,2025-12-31
SPY,2026-01-01
SPY,2026-01-02
SPY,2026-01-05
SPY,2026-01-06
SPY,2026-01-07
SPY,2026-01-08
SPY,2026-01-09
SPY,2026-01-12
SPY,2026-01-13
SPY,2026-01-14
SPY,2026-01-15
QQQ,2025-10-15
QQQ,2025-10-16
QQQ,2025-10-17
QQQ,2025-10-20
QQQ,2025-10-21
QQQ,2025-10-22
QQQ,2025-10-23
QQQ,2025-10-24
QQQ,2025-10-27
QQQ,2025-10-28
QQQ,2025-10-29
QQQ,2025-10-30
QQQ,2025-10-31
QQQ,2025-11-03
QQQ,2025-11-04
QQQ,2025-11-05
QQQ,2025-11-06
QQQ,2025-11-07
QQQ,2025-11-10
QQQ,2025-11-11
QQQ,2025-11-12
QQQ,2025-11-13
QQQ,2025-11-14
QQQ,2025-11-17
QQQ,2025-11-18
QQQ,2025-11-19
QQQ,2025-11-20
QQQ,2025-11-21
QQQ,2025-11-24
QQQ,2025-11-25
QQQ,2025-11-26
QQQ,2025-11-27
QQQ,2025-11-28
QQQ,2025-12-01
QQQ,2025-12-02
QQQ,2025-12-03
QQQ,2025-12-04
QQQ,2025-12-05
QQQ,2025-12-08
QQQ,2025-12-09
QQQ,2025-12-10
QQQ,2025-12-11
QQQ,2025-12-12
QQQ,2025-12-15
QQQ,2025-12-16
QQQ,2025-12-17
QQQ,2025-12-18
QQQ,2025-12-19
QQQ,2025-12-22
QQQ,2025-12-23
QQQ,2025-12-24
QQQ,2025-12-25
QQQ,2025-12-26
QQQ,2025-12-29
QQQ,2025-12-30
QQQ,2025-12-31
QQQ,2026-01-01
QQQ,2026-01-02
QQQ,2026-01-05
QQQ,2026-01-06
QQQ,2026-01-07
QQQ,2026-01-08
QQQ,2026-01-09
QQQ,2026-01-12
QQQ,2026-01-13
QQQ,2026-01-14
QQQ,2026-01-15
XLK,2025-10-15
XLK,2025-10-16
XLK,2025-10-17
XLK,2025-10-20
XLK,2025-10-21
XLK,2025-10-22
XLK,2025-10-23
XLK,2025-10-24
XLK,2025-10-27
XLK,2025-10-28
XLK,2025-10-29
XLK,2025-10-30
XLK,2025-10-31
XLK,2025-11-03
XLK,2025-11-04
XLK,2025-11-05
XLK,2025-11-06
XLK,2025-11-07
XLK,2025-11-10
XLK,2025-11-11
XLK,2025-11-12
XLK,2025-11-13
XLK,2025-11-14
XLK,2025-11-17
XLK,2025-11-18
XLK,2025-11-19
XLK,2025-11-20
XLK,2025-11-21
XLK,2025-11-24
XLK,2025-11-25
XLK,2025-11-26
XLK,2025-11-27
XLK,2025-11-28
XLK,2025-12-01
XLK,2025-12-02
XLK,2025-12-03
XLK,2025-12-04
XLK,2025-12-05
XLK,2025-12-08
XLK,2025-12-09
XLK,2025-12-10
XLK,2025-12-11
XLK,2025-12-12
XLK,2025-12-15
XLK,2025-12-16
XLK,2025-12-17
XLK,2025-12-18
XLK,2025-12-19
XLK,2025-12-22
XLK,2025-12-23
XLK,2025-12-24
XLK,2025-12-25
XLK,2025-12-26
XLK,2025-12-29
XLK,2025-12-30
XLK,2025-12-31
XLK,2026-01-01
XLK,2026-01-02
XLK,2026-01-05
XLK,2026-01-06
XLK,2026-01-07
XLK,2026-01-08
XLK,2026-01-09
XLK,2026-01-12
XLK,2026-01-13
XLK,2026-01-14
XLK,2026-01-15
