event_id,ticker,t0_utc,direction,cluster_len,peak_abs_ret_3_bp,peak_z_ret_3,peak_volume_mult,peak_range_mult,peak_impact_mult,event_window_start,event_window_end,val_window_start,val_window_end,event_return,forward_return_60m,label_proxy,score_mag,score_z,score_attn,score_liq,score_shape,quality_score,archetype
AAPL_20251215_142500,AAPL,2025-12-15 14:25:00+00:00,1,6,189.4821064882235,7.517786312194485,1395.279811097993,54.83566601609327,0.1601552919471361,2025-12-15 14:05:00+00:00,2025-12-15 14:25:00+00:00,2025-12-15 14:30:00+00:00,2025-12-15 15:25:00+00:00,0.0037618228718832,-0.0215048006567442,reversal,1.0,1.0,1.0,0.7159831204612255,1.0,0.9573974680691839,idiosyncratic
AAPL_20251218_142500,AAPL,2025-12-18 14:25:00+00:00,1,4,205.16989349959937,5.938784998901993,1320.9143043336592,31.83551248629676,0.4337116163307928,2025-12-18 14:05:00+00:00,2025-12-18 14:25:00+00:00,2025-12-18 14:30:00+00:00,2025-12-18 15:25:00+00:00,0.00459145317217,-0.0101216793948918,reversal,1.0,0.6623530786876819,0.9927340748451193,1.0,1.0,0.9310174307065604,idiosyncratic
AAPL_20260102_142500,AAPL,2026-01-02 14:25:00+00:00,-1,12,154.78238588528149,6.593306526154028,567.1317215506461,38.70727323005912,0.2594521320407392,2026-01-02 14:05:00+00:00,2026-01-02 14:25:00+00:00,2026-01-02 14:30:00+00:00,2026-01-02 15:25:00+00:00,-0.0029685553030858,0.0049255651534643,reversal,0.8303162111066659,0.8528909015125636,0.3832789495392285,0.94607477009598,1.0,0.7967242385014219,idiosyncratic
AAPL_20251120_143000,AAPL,2025-11-20 14:30:00+00:00,1,9,145.60017717407004,6.423444192292013,1210.9664816870145,15.63453306087073,0.0293587196580667,2025-11-20 14:10:00+00:00,2025-11-20 14:30:00+00:00,2025-11-20 14:35:00+00:00,2025-11-20 15:30:00+00:00,0.0089027911453321,0.0064998440624484,continuation,0.7607025685287845,0.8034422616642998,0.9038380648301069,0.41289997042146726,1.0,0.7935667029942977,info_driven
AAPL_20251125_143000,AAPL,2025-11-25 14:30:00+00:00,1,3,201.239518775056,6.218475025474709,877.1726976018164,20.216252717437296,0.028873189996248,2025-11-25 14:10:00+00:00,2025-11-25 14:30:00+00:00,2025-11-25 14:35:00+00:00,2025-11-25 15:30:00+00:00,0.0146078467086809,0.0035189573459715,continuation,1.0,0.7437736684011167,0.633956089373886,0.4117748961418713,1.0,0.7873121859762813,info_driven
AAPL_20251121_142000,AAPL,2025-11-21 14:20:00+00:00,-1,9,146.35208991480297,4.670801884485515,958.1401374338176,7.870571206667127,0.3991344221075169,2025-11-21 14:00:00+00:00,2025-11-21 14:20:00+00:00,2025-11-21 14:25:00+00:00,2025-11-21 15:20:00+00:00,-0.0033911273604462,0.0219722907920001,reversal,0.7664030907483705,0.29323039602518053,0.6994206176285995,1.0,1.0,0.7401309754178487,mixed
AAPL_20251030_200500,AAPL,2025-10-30 20:05:00+00:00,1,19,475.4956977179248,5.776738940020808,5.5266388840905165,28.94603086759683,21.7004029450968,2025-10-30 19:45:00+00:00,2025-10-30 20:05:00+00:00,2025-10-30 20:10:00+00:00,2025-10-30 21:05:00+00:00,0.0043145269503106,0.0443033328439288,continuation,1.0,0.6151798353778644,0.0,1.0,1.0,0.7230359670755728,macro_spillover
AMD_20260107_142500,AMD,2026-01-07 14:25:00+00:00,-1,8,260.66958143105,6.122743479346715,483.7981827899519,32.37175757063255,0.903089990786887,2026-01-07 14:05:00+00:00,2026-01-07 14:25:00+00:00,2026-01-07 14:30:00+00:00,2026-01-07 15:25:00+00:00,-0.0046946152762781,-0.0063912079618885,continuation,0.7131682116470235,1.0,0.8994626323847557,0.7714365721142085,1.0,0.8739000652058382,info_driven
AMD_20251112_142500,AMD,2025-11-12 14:25:00+00:00,1,27,329.33418083585184,4.7457767100070765,360.8244521233064,11.932852516605,1.5408156805723632,2025-11-12 14:05:00+00:00,2025-11-12 14:25:00+00:00,2025-11-12 14:30:00+00:00,2025-11-12 15:25:00+00:00,0.0038098261766807,0.0352854431881077,continuation,1.0,0.5998372382231396,0.6702375764413544,1.0,1.0,0.8540149629328988,info_driven
AMD_20260106_141500,AMD,2026-01-06 14:15:00+00:00,1,7,276.5942762491913,7.47887764599079,464.7380468894222,26.36086686840393,0.5456375964610143,2026-01-06 13:55:00+00:00,2026-01-06 14:15:00+00:00,2026-01-06 14:20:00+00:00,2026-01-06 15:15:00+00:00,0.0034102038719565,-0.0265593561368209,reversal,0.7923132084651039,1.0,0.8639342256721765,0.5317898871831248,1.0,0.8506336303281801,idiosyncratic
AMD_20251222_141000,AMD,2025-12-22 14:10:00+00:00,1,12,237.31491981623165,5.479526792646777,399.1980708838044,37.84276059188547,1.110626328413776,2025-12-22 13:50:00+00:00,2025-12-22 14:10:00+00:00,2025-12-22 14:15:00+00:00,2025-12-22 15:10:00+00:00,0.0068870523415978,-0.0254901960784313,reversal,0.597096623443873,0.9628179853133745,0.7417666327645331,0.9105750870731559,1.0,0.8267773425375231,idiosyncratic
AMD_20251219_142500,AMD,2025-12-19 14:25:00+00:00,1,18,244.2290748898679,6.65480561922502,1422.3219980787703,16.52260647184715,0.2112913438127666,2025-12-19 14:05:00+00:00,2025-12-19 14:25:00+00:00,2025-12-19 14:30:00+00:00,2025-12-19 15:25:00+00:00,0.0053678672028629,0.0309593734703865,continuation,0.631459654418838,1.0,1.0,0.30763424481460044,1.0,0.8040100503268997,info_driven
AMD_20251024_130000,AMD,2025-10-24 13:00:00+00:00,1,22,258.6561394851605,4.591048608896159,555.5621016151989,28.72984619555228,0.7350187273484271,2025-10-24 12:40:00+00:00,2025-10-24 13:00:00+00:00,2025-10-24 13:05:00+00:00,2025-10-24 14:00:00+00:00,0.0041958041958043,0.0285560380140914,continuation,0.7031614982863833,0.5232943892805623,1.0,0.6587566131754345,1.0,0.7792627444040234,info_driven
AMD_20260115_131000,AMD,2026-01-15 13:10:00+00:00,1,23,275.5352755352769,4.284020465293408,603.6602327561737,29.78791495691961,1.1662464959939969,2026-01-15 12:50:00+00:00,2026-01-15 13:10:00+00:00,2026-01-15 13:15:00+00:00,2026-01-15 14:10:00+00:00,0.0033311417926802,0.0012668734437115,unclear,0.7870500238898104,0.3714098340628992,1.0,0.9478644967609804,0.8,0.7732241472991795,idiosyncratic
AMD_20251203_140000,AMD,2025-12-03 14:00:00+00:00,-1,12,217.77819408017817,6.781303172905949,312.03517803517803,21.70806404021104,1.0565950508927229,2025-12-03 13:40:00+00:00,2025-12-03 14:00:00+00:00,2025-12-03 14:05:00+00:00,2025-12-03 15:00:00+00:00,-0.0101498121834501,0.0053376653515897,reversal,0.5,1.0,0.5792935673293127,0.8743509163974176,1.0,0.7720113509254751,macro_spillover
AMD_20260114_143500,AMD,2026-01-14 14:35:00+00:00,-1,23,257.30724971231746,5.251554569264882,269.9484596659112,11.501387804504953,0.7431913788572839,2026-01-14 14:15:00+00:00,2026-01-14 14:35:00+00:00,2026-01-14 14:40:00+00:00,2026-01-14 15:35:00+00:00,-0.0028069206699796,0.0304093027548335,reversal,0.6964575784939621,0.8500418099959057,0.5008432322831952,0.6642358010960756,1.0,0.743926773243722,mixed
META_20251204_140000,META,2025-12-04 14:00:00+00:00,1,19,609.8640776698994,7.022725491787997,1898.5052966101696,78.67905856489686,0.1772187805142474,2025-12-04 13:40:00+00:00,2025-12-04 14:00:00+00:00,2025-12-04 14:05:00+00:00,2025-12-04 15:00:00+00:00,0.0398264994024502,-0.0042412747718821,reversal,1.0,1.0,1.0,0.5471464340792527,1.0,0.9320719651118878,mixed
META_20251222_143000,META,2025-12-22 14:30:00+00:00,1,12,161.34220072551608,7.961847615574595,532.1368597816961,24.20132414233709,0.1077517015778734,2025-12-22 14:10:00+00:00,2025-12-22 14:30:00+00:00,2025-12-22 14:35:00+00:00,2025-12-22 15:30:00+00:00,0.0052726998035956,-0.0041629720915552,reversal,1.0,1.0,0.8355268672182767,0.5,1.0,0.8921053734436553,mixed
META_20251106_142500,META,2025-11-06 14:25:00+00:00,-1,14,166.97054025524682,5.83816097213446,314.92106065224016,12.625047461897465,0.547592380999582,2025-11-06 14:05:00+00:00,2025-11-06 14:25:00+00:00,2025-11-06 14:30:00+00:00,2025-11-06 15:25:00+00:00,-0.0048528490920474,-0.0167374547742646,continuation,1.0,0.8028279057688221,0.5,0.7985143454314896,1.0,0.8303427329684878,info_driven
META_20260108_143000,META,2026-01-08 14:30:00+00:00,-1,3,139.4647568790064,5.631701467156647,948.873473917869,54.09631644781692,0.0606456566851888,2026-01-08 14:10:00+00:00,2026-01-08 14:30:00+00:00,2026-01-08 14:35:00+00:00,2026-01-08 15:30:00+00:00,-0.0111795856430584,0.0047212652677732,reversal,0.84252815356834,0.7203918937566163,1.0,0.46802971890755024,1.0,0.8249148749795407,mixed
META_20260113_143000,META,2026-01-13 14:30:00+00:00,-1,11,124.1006793629551,6.543102144531863,560.0604496866937,22.88086321199854,0.0621360517467296,2026-01-13 14:10:00+00:00,2026-01-13 14:30:00+00:00,2026-01-13 14:35:00+00:00,2026-01-13 15:30:00+00:00,-0.0058413577462159,-0.0192543911121544,continuation,0.6832624215176266,1.0,0.8786596166769289,0.4690412313188514,1.0,0.8169037134126202,info_driven
META_20251112_143000,META,2025-11-12 14:30:00+00:00,-1,15,122.82686306128944,7.053643405885488,497.5954123962909,16.73234930516489,0.0785728431706316,2025-11-12 14:10:00+00:00,2025-11-12 14:30:00+00:00,2025-11-12 14:35:00+00:00,2025-11-12 15:30:00+00:00,-0.0067619047619047,-0.0199483811167576,continuation,0.6700579004150115,1.0,0.782171707617281,0.4801966752385705,1.0,0.7959783179129947,info_driven
META_20251031_132500,META,2025-10-31 13:25:00+00:00,1,16,212.87738265785893,4.969129376370329,311.7467360035406,29.38079529373666,1.117154496822846,2025-10-31 13:05:00+00:00,2025-10-31 13:25:00+00:00,2025-10-31 13:30:00+00:00,2025-10-31 14:25:00+00:00,0.0078567267621623,-0.0248314190440903,reversal,1.0,0.4558373466512023,0.4950967139168493,1.0,1.0,0.7901868121136104,idiosyncratic
META_20251203_140000,META,2025-12-03 14:00:00+00:00,-1,5,97.32451361867732,6.4564462606633946,63.371112646855565,21.509484088345783,1.2603315795715977,2025-12-03 13:40:00+00:00,2025-12-03 14:00:00+00:00,2025-12-03 14:05:00+00:00,2025-12-03 15:00:00+00:00,-0.0050886661526599,0.0042002479851208,reversal,0.40569771681483097,1.0,0.11143818110180165,1.0,1.0,0.673712065424068,macro_spillover
MSFT_20251208_142500,MSFT,2025-12-08 14:25:00+00:00,1,4,118.95445134575854,7.040661825237608,1043.6436271401394,23.84384651586428,0.298149831935856,2025-12-08 14:05:00+00:00,2025-12-08 14:25:00+00:00,2025-12-08 14:30:00+00:00,2025-12-08 15:25:00+00:00,0.0032476263368015,0.0084065979381442,continuation,0.9263526336189608,1.0,1.0,0.9058286599379457,1.0,0.967462457395432,info_driven
MSFT_20251028_130000,MSFT,2025-10-28 13:00:00+00:00,1,9,419.7244553001855,5.198298545334472,1645.1286740692358,212.05681535998156,0.2702654955409768,2025-10-28 12:40:00+00:00,2025-10-28 13:00:00+00:00,2025-10-28 13:05:00+00:00,2025-10-28 14:00:00+00:00,0.0414510686164228,-0.0175874421702579,reversal,1.0,0.7062846287466568,1.0,0.8485321175764574,1.0,0.9185367433858,mixed
MSFT_20251103_140000,MSFT,2025-11-03 14:00:00+00:00,-1,8,139.24740164282358,6.085731990643028,359.0948404413958,39.44449414156801,0.981152607104789,2025-11-03 13:40:00+00:00,2025-11-03 14:00:00+00:00,2025-11-03 14:05:00+00:00,2025-11-03 15:00:00+00:00,-0.0059282447921122,0.0082414931192218,reversal,1.0,1.0,0.4305535428981089,1.0,1.0,0.8861107085796218,mixed
MSFT_20260107_143000,MSFT,2026-01-07 14:30:00+00:00,1,3,112.47593538126432,6.596904845404737,993.02546396202,27.36015720627747,0.0278668180469707,2026-01-07 14:10:00+00:00,2026-01-07 14:30:00+00:00,2026-01-07 14:35:00+00:00,2026-01-07 15:30:00+00:00,0.0089237199582026,0.0039563353149534,continuation,0.83436110376974,1.0,1.0,0.3504529846638802,1.0,0.8611582236420172,info_driven
MSFT_20251203_140000,MSFT,2025-12-03 14:00:00+00:00,-1,6,218.09454241887184,6.005011993509762,402.5990783410138,61.10780115824944,0.1674861521701899,2025-12-03 13:40:00+00:00,2025-12-03 14:00:00+00:00,2025-12-03 14:05:00+00:00,2025-12-03 15:00:00+00:00,-0.0172614548648704,-0.0058306310800698,continuation,1.0,1.0,0.5209423443615046,0.637341830745328,1.0,0.8497897434841002,info_driven
MSFT_20251031_133000,MSFT,2025-10-31 13:30:00+00:00,-1,14,141.16091193974168,6.553449600240978,418.9162120031177,20.331241224455383,0.088725558195776,2025-10-31 13:10:00+00:00,2025-10-31 13:30:00+00:00,2025-10-31 13:35:00+00:00,2025-10-31 14:30:00+00:00,-0.0056952564757525,-0.0140247383444338,continuation,1.0,1.0,0.5548444703667632,0.47550510473668195,1.0,0.832294659783855,info_driven
MSFT_20251125_142500,MSFT,2025-11-25 14:25:00+00:00,1,5,143.84030093185677,5.361898841103729,325.7070480081716,9.242529036404266,0.7431967066437828,2025-11-25 14:05:00+00:00,2025-11-25 14:25:00+00:00,2025-11-25 14:30:00+00:00,2025-11-25 15:25:00+00:00,0.0091429057430205,-0.0131265670761256,reversal,1.0,0.784260101332728,0.361183690965264,1.0,1.0,0.8290887584595985,idiosyncratic
MSFT_20251104_143000,MSFT,2025-11-04 14:30:00+00:00,-1,5,87.40915340796462,4.480371126777309,687.4624358376108,10.965647559457691,0.0960015831596375,2025-11-04 14:10:00+00:00,2025-11-04 14:30:00+00:00,2025-11-04 14:35:00+00:00,2025-11-04 15:30:00+00:00,-0.0056753910363928,0.0092089520036089,reversal,0.4784259428843669,0.3641047477062911,1.0,0.4904558307163648,1.0,0.6659958098698047,macro_spillover
NFLX_20251203_140500,NFLX,2025-12-03 14:05:00+00:00,-1,21,281.8791946308674,6.268751719776601,649.8993193420306,20.151894758812816,0.6728314246517973,2025-12-03 13:45:00+00:00,2025-12-03 14:05:00+00:00,2025-12-03 14:10:00+00:00,2025-12-03 15:05:00+00:00,-0.0039160839160838,-0.0383787325657586,continuation,1.0,1.0,0.6440734617893665,0.7260926178851661,1.0,0.8877285850406482,info_driven
NFLX_20251119_142500,NFLX,2025-11-19 14:25:00+00:00,-1,10,198.6695433297392,6.962828272482881,552.4183780020884,8.22794346727128,0.8157485125303734,2025-11-19 14:05:00+00:00,2025-11-19 14:25:00+00:00,2025-11-19 14:30:00+00:00,2025-11-19 15:25:00+00:00,-0.0066050198150594,-0.0156028368794325,continuation,1.0,1.0,0.5375927210719854,0.8489910892485113,1.0,0.8848672076016737,info_driven
NFLX_20260109_142000,NFLX,2026-01-09 14:20:00+00:00,-1,13,151.90299764230585,5.887302647535856,1061.3328710124829,11.160547747028176,0.6260430626132063,2026-01-09 14:00:00+00:00,2026-01-09 14:20:00+00:00,2026-01-09 14:25:00+00:00,2026-01-09 15:20:00+00:00,-0.0040730120216168,-0.0163974365647222,continuation,0.6849606211470498,0.9876313975562263,1.0,0.6858579737464396,1.0,0.8716451308599737,info_driven
NFLX_20251205_135000,NFLX,2025-12-05 13:50:00+00:00,1,29,370.5203482486352,5.136486288530311,1008.8921430251704,14.55142353342949,0.5920203579338867,2025-12-05 13:30:00+00:00,2025-12-05 13:50:00+00:00,2025-12-05 13:55:00+00:00,2025-12-05 14:50:00+00:00,0.0098191005558361,0.0304078397463611,continuation,1.0,0.5888976138924471,1.0,0.6566008816883687,1.0,0.8662696550317448,info_driven
NFLX_20251205_120500,NFLX,2025-12-05 12:05:00+00:00,-1,16,227.1590113079136,6.988489676361992,255.03593083314615,27.421871395472117,0.8174514195907246,2025-12-05 11:45:00+00:00,2025-12-05 12:05:00+00:00,2025-12-05 12:10:00+00:00,2025-12-05 13:05:00+00:00,-0.0058765915768853,-0.0073891625615764,continuation,1.0,1.0,0.21275483157653702,0.8504554674953507,1.0,0.8201192864396101,info_driven
NFLX_20251208_134500,NFLX,2025-12-08 13:45:00+00:00,-1,10,290.34087978959235,5.507282294508484,518.003010369049,13.18645664964336,0.5902574213996065,2025-12-08 13:25:00+00:00,2025-12-08 13:45:00+00:00,2025-12-08 13:50:00+00:00,2025-12-08 14:45:00+00:00,-0.0055528011898858,-0.0313092033103998,continuation,1.0,0.7858151326142286,0.5,0.655084882388427,1.0,0.8054257588811098,info_driven
NFLX_20251212_140000,NFLX,2025-12-12 14:00:00+00:00,1,9,162.11578947368687,6.622278108482137,633.8621303090949,15.03595743808912,0.5176971409248854,2025-12-12 13:40:00+00:00,2025-12-12 14:00:00+00:00,2025-12-12 14:05:00+00:00,2025-12-12 15:00:00+00:00,0.003797736168412,0.0166088798490868,continuation,0.7643685578401351,1.0,0.626555660424517,0.592688232103926,1.0,0.805306506360526,info_driven
NFLX_20251030_195500,NFLX,2025-10-30 19:55:00+00:00,-1,4,321.3957759412378,5.137245974614994,10.541923039830264,21.010472103056745,3.441703800064935,2025-10-30 19:35:00+00:00,2025-10-30 19:55:00+00:00,2025-10-30 20:00:00+00:00,2025-10-30 20:55:00+00:00,-0.0028378341254361,0.0303591320294858,reversal,1.0,0.5893010580946265,0.0,1.0,1.0,0.7178602116189252,mixed
NFLX_20260102_143000,NFLX,2026-01-02 14:30:00+00:00,-1,3,212.67361111110492,4.630440260274852,1362.434705882353,35.84899238516738,0.0558160057815203,2026-01-02 14:10:00+00:00,2026-01-02 14:30:00+00:00,2026-01-02 14:35:00+00:00,2026-01-02 15:30:00+00:00,-0.0194494632798384,0.0024387600260133,unclear,1.0,0.3201532729705452,1.0,0.19550349861065752,0.8,0.7033561793857078,idiosyncratic
NFLX_20251021_200000,NFLX,2025-10-21 20:00:00+00:00,-1,16,668.2989690721653,4.969091937909424,10.969316994395363,61.81008060330471,13.647896460769507,2025-10-21 19:40:00+00:00,2025-10-21 20:00:00+00:00,2025-10-21 20:05:00+00:00,2025-10-21 21:00:00+00:00,-0.0630825874334329,0.0142914878797519,reversal,1.0,0.5,0.0016896594987530489,1.0,1.0,0.7003379318997507,panic
NFLX_20251204_141000,NFLX,2025-12-04 14:10:00+00:00,1,11,129.12621359223442,4.278034910126396,761.4758135444151,22.38003208897253,0.8070514220696259,2025-12-04 13:50:00+00:00,2025-12-04 14:10:00+00:00,2025-12-04 14:15:00+00:00,2025-12-04 15:10:00+00:00,0.0053799596503025,-0.0203678929765886,reversal,0.5078633635330586,0.13300242448055533,0.7659511087017731,0.8415122136374807,1.0,0.6329833795653526,macro_spillover
NVDA_20251217_142500,NVDA,2025-12-17 14:25:00+00:00,-1,5,168.24576514498534,6.672523902665562,426.3845266476967,12.806767428560672,0.7526489570856602,2025-12-17 14:05:00+00:00,2025-12-17 14:25:00+00:00,2025-12-17 14:30:00+00:00,2025-12-17 15:25:00+00:00,-0.0074739662761019,-0.0094859414938939,continuation,0.752381941975606,1.0,0.9879748163384079,0.8651880614609117,1.0,0.9154686579807199,info_driven
NVDA_20251202_143000,NVDA,2025-12-02 14:30:00+00:00,1,4,193.68328381203392,5.639169369551963,412.2384423157018,17.329729656665755,0.1459136435082329,2025-12-02 14:10:00+00:00,2025-12-02 14:30:00+00:00,2025-12-02 14:35:00+00:00,2025-12-02 15:30:00+00:00,0.013008397826445,-0.0057704811443433,reversal,0.9596416773569663,0.7646055857033681,0.9615342619352905,0.4013366872917572,1.0,0.845338891960737,idiosyncratic
NVDA_20251113_143000,NVDA,2025-11-13 14:30:00+00:00,-1,16,207.93243532178485,6.981655459522476,263.0084933296803,9.038277449066646,0.1284712296712678,2025-11-13 14:10:00+00:00,2025-11-13 14:30:00+00:00,2025-11-13 14:35:00+00:00,2025-11-13 15:30:00+00:00,-0.0046902271623731,-0.0122568021560158,continuation,1.0,1.0,0.6826074230916177,0.3880018978933965,1.0,0.844721769302333,info_driven
NVDA_20251203_140000,NVDA,2025-12-03 14:00:00+00:00,-1,18,177.98724701968194,5.921436556723545,276.22231820323543,15.665926394879143,1.008624995099148,2025-12-03 13:40:00+00:00,2025-12-03 14:00:00+00:00,2025-12-03 14:05:00+00:00,2025-12-03 15:00:00+00:00,-0.0121525885558582,-0.002592817344293,unclear,0.8317535576586774,0.8779094713990234,0.7073054842117745,1.0,0.8,0.834981380536829,macro_spillover
NVDA_20251208_143000,NVDA,2025-12-08 14:30:00+00:00,1,11,155.7444474910863,6.863492591878221,591.7483237174489,26.225503555790755,0.106373799166917,2025-12-08 14:10:00+00:00,2025-12-08 14:30:00+00:00,2025-12-08 14:35:00+00:00,2025-12-08 15:30:00+00:00,0.0109921130191368,-0.0043118474691412,reversal,0.6505237449250496,1.0,1.0,0.37110833116721564,1.0,0.8182971859063448,idiosyncratic
NVDA_20251119_212000,NVDA,2025-11-19 21:20:00+00:00,1,4,362.50287133373416,5.560636463533681,4.403429878278635,12.75186389569168,5.56488122931154,2025-11-19 21:00:00+00:00,2025-11-19 21:20:00+00:00,2025-11-19 21:25:00+00:00,2025-11-19 22:20:00+00:00,0.0257604970008569,0.030687098626847,continuation,1.0,0.7330819661994328,0.21485084324963583,1.0,1.0,0.7895865618898137,macro_spillover
NVDA_20251223_142500,NVDA,2025-12-23 14:25:00+00:00,1,4,106.22051563357716,5.932624178706248,467.88930772018847,16.475365840186722,1.0301448062554877,2025-12-23 14:05:00+00:00,2025-12-23 14:25:00+00:00,2025-12-23 14:30:00+00:00,2025-12-23 15:25:00+00:00,0.003510504086446,0.0127083902705658,continuation,0.24701280715704643,0.8824002556628131,1.0,1.0,1.0,0.7882332529218243,info_driven
NVDA_20260105_143000,NVDA,2026-01-05 14:30:00+00:00,1,4,169.19945911821887,5.567289595630495,356.872152137074,13.027009403750135,0.1810420645210145,2026-01-05 14:10:00+00:00,2026-01-05 14:30:00+00:00,2026-01-05 14:35:00+00:00,2026-01-05 15:30:00+00:00,0.0047118238142342,-0.0151833139007643,reversal,0.7601524467608558,0.7357525767162593,0.8580487055643458,0.4281924940901066,1.0,0.773027242259851,idiosyncratic
NVDA_20251114_141000,NVDA,2025-11-14 14:10:00+00:00,1,20,275.9935619660769,5.391324792901134,111.37442093295547,12.698653255710695,0.5811460528659989,2025-11-14 13:50:00+00:00,2025-11-14 14:10:00+00:00,2025-11-14 14:15:00+00:00,2025-11-14 15:10:00+00:00,0.0014214148086979,0.0227977518330675,continuation,1.0,0.6651191598650594,0.3991870187961445,0.7340734617069632,1.0,0.7729722549882854,info_driven
NVDA_20251208_175500,NVDA,2025-12-08 17:55:00+00:00,1,7,229.7470599470697,5.317520423444979,11.896674153785009,11.427097131791909,1.45319552757119,2025-12-08 17:35:00+00:00,2025-12-08 17:55:00+00:00,2025-12-08 18:00:00+00:00,2025-12-08 18:55:00+00:00,0.0135536829474489,-0.0075337674218372,reversal,1.0,0.6354936057066267,0.21325240156321595,1.0,1.0,0.7697492014539686,macro_spillover
NVDA_20251205_143500,NVDA,2025-12-05 14:35:00+00:00,-1,7,147.83712204811115,5.652056886232312,300.57446584570044,11.909680087635904,0.1462831029291751,2025-12-05 14:15:00+00:00,2025-12-05 14:35:00+00:00,2025-12-05 14:40:00+00:00,2025-12-05 15:35:00+00:00,-0.0086558876367793,0.0052718286655684,reversal,0.5860964633046809,0.7697787187603236,0.7528222695964791,0.4016191403751179,1.0,0.7112871845537985,mixed
PLTR_20251112_142500,PLTR,2025-11-12 14:25:00+00:00,-1,25,292.3684634814849,5.626056910838938,631.2109193095142,37.51685290729545,0.7919973196333109,2025-11-12 14:05:00+00:00,2025-11-12 14:25:00+00:00,2025-11-12 14:30:00+00:00,2025-11-12 15:25:00+00:00,-0.004338054669942,-0.0261417322834645,continuation,1.0,0.7791532208331873,1.0,0.8978056706461806,1.0,0.9405014947635646,info_driven
PLTR_20251202_143000,PLTR,2025-12-02 14:30:00+00:00,1,26,237.04227843622584,6.496616768349608,785.5719832735962,32.38278998320924,0.3658836346586198,2025-12-02 14:10:00+00:00,2025-12-02 14:30:00+00:00,2025-12-02 14:35:00+00:00,2025-12-02 15:30:00+00:00,0.0149572335093366,0.0010150517676401,unclear,0.9339905936766584,1.0,1.0,0.5027495085489594,0.8,0.8689100747015085,idiosyncratic
PLTR_20260108_142500,PLTR,2026-01-08 14:25:00+00:00,-1,21,249.33227395940395,7.639487862802977,253.2017296050735,16.144112589785713,0.6889305936029352,2026-01-08 14:05:00+00:00,2026-01-08 14:25:00+00:00,2026-01-08 14:30:00+00:00,2026-01-08 15:25:00+00:00,-0.0028490028490028,-0.0208625336927223,continuation,1.0,1.0,0.44235255097974513,0.8022510178358527,1.0,0.8588081628713269,info_driven
PLTR_20251106_143500,PLTR,2025-11-06 14:35:00+00:00,1,24,357.9763656788559,6.675190297770413,257.9788872040126,12.73792961923385,0.3629179722235705,2025-11-06 14:15:00+00:00,2025-11-06 14:35:00+00:00,2025-11-06 14:40:00+00:00,2025-11-06 15:35:00+00:00,0.0029248355510413,-0.0440962815246781,reversal,1.0,1.0,0.4516734855202242,0.5,1.0,0.8153346971040447,idiosyncratic
PLTR_20251029_134000,PLTR,2025-10-29 13:40:00+00:00,1,7,247.8711162255487,6.022528311538783,289.7060633484163,19.622813138442503,0.1396650682161369,2025-10-29 13:20:00+00:00,2025-10-29 13:40:00+00:00,2025-10-29 13:45:00+00:00,2025-10-29 14:40:00+00:00,0.0180666282541512,0.0109122752677903,continuation,0.9960230202743274,0.96656011721238,0.5135778556129983,0.29301900280561394,1.0,0.7889862000544996,info_driven
PLTR_20251103_210500,PLTR,2025-11-03 21:05:00+00:00,1,6,329.4789297982481,5.189598547482378,4.581393881229065,22.194019915705358,6.679665267526045,2025-11-03 20:45:00+00:00,2025-11-03 21:05:00+00:00,2025-11-03 21:10:00+00:00,2025-11-03 22:05:00+00:00,0.0321489001692048,-0.0185480093676815,reversal,1.0,0.5728450050803963,0.0,1.0,1.0,0.7145690010160792,mixed
PLTR_20251203_140000,PLTR,2025-12-03 14:00:00+00:00,-1,6,171.56717742412786,6.243767792336591,58.16450624558096,23.746892029299996,0.544635259825618,2025-12-03 13:40:00+00:00,2025-12-03 14:00:00+00:00,2025-12-03 14:05:00+00:00,2025-12-03 15:00:00+00:00,-0.0096388340494716,0.0132534005628517,reversal,0.558919928058911,1.0,0.061806346622925,0.66847272631257,1.0,0.6523621602861982,macro_spillover
QQQ_20251203_140000,QQQ,2025-12-03 14:00:00+00:00,-1,3,86.04515753380282,6.693739615356562,126.33878471732694,14.364735311488088,0.3342060059784909,2025-12-03 13:40:00+00:00,2025-12-03 14:00:00+00:00,2025-12-03 14:05:00+00:00,2025-12-03 15:00:00+00:00,-0.0052125100240577,0.0019348649738009,unclear,0.9421693082413498,1.0,0.6874377329337641,1.0,0.8,0.8830298736470903,market
QQQ_20251125_144000,QQQ,2025-11-25 14:40:00+00:00,-1,6,89.87843419226094,5.5833452982905225,111.49486692940204,8.849867304598,0.201992580059543,2025-11-25 14:20:00+00:00,2025-11-25 14:40:00+00:00,2025-11-25 14:45:00+00:00,2025-11-25 15:40:00+00:00,-0.0053675264648874,0.0046969469844602,reversal,1.0,0.8524259456417943,0.5350896187286861,0.6281153856320478,1.0,0.8217204207189033,market
QQQ_20251106_145000,QQQ,2025-11-06 14:50:00+00:00,-1,10,83.82312328411246,6.333417598876365,79.85688529910215,6.919141391628592,0.4073999872676572,2025-11-06 14:30:00+00:00,2025-11-06 14:50:00+00:00,2025-11-06 14:55:00+00:00,2025-11-06 15:50:00+00:00,-0.0035580313299954,-0.0084502035804302,continuation,0.8796242320711415,1.0,0.21037838632399009,1.0,1.0,0.8119817352825833,market
SPY_20251125_144500,SPY,2025-11-25 14:45:00+00:00,-1,2,67.89882098171107,5.475519594007964,277.8011822212118,10.407977981222906,0.1024048269043613,2025-11-25 14:25:00+00:00,2025-11-25 14:45:00+00:00,2025-11-25 14:50:00+00:00,2025-11-25 15:45:00+00:00,-0.0055631991386012,0.0074816530317611,reversal,0.5,0.8941637645882521,1.0,0.48675575446582875,1.0,0.7768461160875249,market
SPY_20251121_123000,SPY,2025-11-21 12:30:00+00:00,1,4,72.74684712396117,4.283041738985295,21.947763419483103,6.89053668041963,0.6077252114352816,2025-11-21 12:10:00+00:00,2025-11-21 12:30:00+00:00,2025-11-21 12:35:00+00:00,2025-11-21 13:30:00+00:00,0.0031779173127408,0.0029995102840352,unclear,1.0,0.394163764588252,0.02593674198181034,0.9867557544658287,0.8,0.6420334644838869,market
SPY_20251029_183500,SPY,2025-10-29 18:35:00+00:00,-1,5,68.93120051515655,4.535456472960246,12.284038167301862,13.9596050526757,2.099845648639856,2025-10-29 18:15:00+00:00,2025-10-29 18:35:00+00:00,2025-10-29 18:40:00+00:00,2025-10-29 19:35:00+00:00,-0.0065402223675604,0.002706458927657,unclear,0.8148240654765879,0.5,0.0,1.0,0.8,0.613706016369147,market
TSLA_20260106_142500,TSLA,2026-01-06 14:25:00+00:00,-1,8,193.6522111978656,6.002547108578336,368.5148307971837,18.002940810978803,0.6004104060606938,2026-01-06 14:05:00+00:00,2026-01-06 14:25:00+00:00,2026-01-06 14:30:00+00:00,2026-01-06 15:25:00+00:00,-0.0034974951217736,-0.0160920132664037,continuation,0.8915770762600133,1.0,0.8325882407550069,0.775135338174936,1.0,0.905682217942245,info_driven
TSLA_20251212_143000,TSLA,2025-12-12 14:30:00+00:00,1,12,232.3171412618641,7.084740509625522,616.9048766303896,19.947309812113826,0.1179332010677427,2025-12-12 14:10:00+00:00,2025-12-12 14:30:00+00:00,2025-12-12 14:35:00+00:00,2025-12-12 15:30:00+00:00,0.0124214840725871,-0.005288493386623,reversal,1.0,1.0,1.0,0.3192291845627234,1.0,0.8978843776844085,idiosyncratic
TSLA_20251215_143000,TSLA,2025-12-15 14:30:00+00:00,1,21,199.39370650270627,5.167015005387306,477.4437554332077,21.65225839363292,0.4695265967915811,2025-12-15 14:10:00+00:00,2025-12-15 14:30:00+00:00,2025-12-15 14:35:00+00:00,2025-12-15 15:30:00+00:00,0.0115429666702162,-0.0031159862728172,reversal,0.9329200091368801,0.7227800354102204,1.0,0.6514595801567569,1.0,0.8755049463897777,mixed
TSLA_20251120_142500,TSLA,2025-11-20 14:25:00+00:00,1,35,188.2433768049596,6.396948540435393,254.17202871576708,10.81909775460988,1.1212967717615616,2025-11-20 14:05:00+00:00,2025-11-20 14:25:00+00:00,2025-11-20 14:30:00+00:00,2025-11-20 15:25:00+00:00,0.0047995814445249,0.0312855868669093,continuation,0.8526295433656698,1.0,0.5,1.0,1.0,0.8631573858414174,info_driven
TSLA_20251124_140500,TSLA,2025-11-24 14:05:00+00:00,1,11,227.84620381243403,4.748580955947501,318.3849239864865,14.676620574486504,0.6021446110100768,2025-11-24 13:45:00+00:00,2025-11-24 14:05:00+00:00,2025-11-24 14:10:00+00:00,2025-11-24 15:05:00+00:00,0.0033143844435263,0.0341320029973537,continuation,1.0,0.5,0.6867756735283383,0.7767740367494314,1.0,0.8038712402180823,info_driven
TSLA_20260109_142500,TSLA,2026-01-09 14:25:00+00:00,-1,15,102.87307326347197,5.9587890993641,459.1764070932922,18.315666255232525,0.7742909009075389,2026-01-09 14:05:00+00:00,2026-01-09 14:25:00+00:00,2026-01-09 14:30:00+00:00,2026-01-09 15:25:00+00:00,-0.0050414374101047,0.0179398065817992,reversal,0.2379014034649407,1.0,1.0,0.9394398623544181,1.0,0.8003913302193979,mixed
TSLA_20251023_132500,TSLA,2025-10-23 13:25:00+00:00,-1,8,199.6083888147826,5.273078783886583,208.01787740333015,7.757854135125727,0.7199273220642431,2025-10-23 13:05:00+00:00,2025-10-23 13:25:00+00:00,2025-10-23 13:30:00+00:00,2025-10-23 14:25:00+00:00,-0.0073972537990688,0.0106188095238095,reversal,0.9344658775817327,0.7792498479444654,0.3657516895762818,0.8880702020460034,1.0,0.7958273072064832,mixed
TSLA_20251224_143000,TSLA,2025-12-24 14:30:00+00:00,-1,5,149.613498462311,7.296305406438304,517.9109542245502,29.18128978787784,0.0880948185061036,2025-12-24 14:10:00+00:00,2025-12-24 14:30:00+00:00,2025-12-24 14:35:00+00:00,2025-12-24 15:30:00+00:00,-0.0052652066132633,-0.0147670634757177,continuation,0.574466385065225,1.0,1.0,0.2910340655334517,1.0,0.7872717060963239,info_driven
TSLA_20251103_143000,TSLA,2025-11-03 14:30:00+00:00,1,16,259.70399207372543,6.441168878520552,216.780948632159,17.53145150582819,0.153574298221896,2025-11-03 14:10:00+00:00,2025-11-03 14:30:00+00:00,2025-11-03 14:35:00+00:00,2025-11-03 15:30:00+00:00,0.0033076753903673,0.0260591752812338,continuation,1.0,1.0,0.39124078369111526,0.35290745028370524,1.0,0.7811842742807789,info_driven
TSLA_20251203_140000,TSLA,2025-12-03 14:00:00+00:00,-1,21,102.57072372212627,4.787370737058103,609.6767145135566,18.721353221288865,0.9935821504962687,2025-12-03 13:40:00+00:00,2025-12-03 14:00:00+00:00,2025-12-03 14:05:00+00:00,2025-12-03 15:00:00+00:00,-0.0077335604299492,0.023868618218088,reversal,0.23572426734803614,0.5206522122684417,1.0,1.0,1.0,0.7130615092906973,macro_spillover
XLK_20251114_143500,XLK,2025-11-14 14:35:00+00:00,1,11,148.12177318853205,5.477518754188411,1497.0683477106834,23.387384757566377,0.0178682917780036,2025-11-14 14:15:00+00:00,2025-11-14 14:35:00+00:00,2025-11-14 14:40:00+00:00,2025-11-14 15:35:00+00:00,0.0060418665813697,0.0161090896244744,continuation,1.0,0.8129259009591079,1.0,0.2335617102917656,1.0,0.8476194367355865,market
XLK_20251125_144000,XLK,2025-11-25 14:40:00+00:00,-1,9,134.47343418840464,6.0167147421761324,382.94142259414224,26.74996310744697,0.0649395532920368,2025-11-25 14:20:00+00:00,2025-11-25 14:40:00+00:00,2025-11-25 14:45:00+00:00,2025-11-25 15:40:00+00:00,-0.0070409821267376,0.0075636363636362,reversal,0.974524833392886,1.0,0.5433514614017408,0.508483508848818,1.0,0.8285740269558923,market
XLK_20260108_143000,XLK,2026-01-08 14:30:00+00:00,-1,6,97.65219198005548,6.536619282815671,833.4585635359116,27.312274634807967,0.0221286446369152,2026-01-08 14:05:00+00:00,2026-01-08 14:30:00+00:00,2026-01-08 14:35:00+00:00,2026-01-08 15:30:00+00:00,-0.0059544179043187,-0.007435968052878,continuation,0.49115538147450977,1.0,0.9110917242219447,0.25844449084164467,1.0,0.7437738638392632,market
