event_id,ticker,announce_date,timing,surprise_pct,reaction_date,reaction_ret,reaction_dir,drift_1d,abn_drift_1d,label_1d,drift_3d,abn_drift_3d,label_3d,drift_5d,abn_drift_5d,label_5d,drift_10d,abn_drift_10d,label_10d,drift_20d,abn_drift_20d,label_20d
AAPL_2024-08-01,AAPL,2024-08-01,AMC,4.36,2024-08-02,0.0069,1,-0.0482,-0.019,reversal,-0.0457,-0.0189,reversal,-0.0165,-0.0166,reversal,0.0293,-0.0108,continuation,0.0428,-0.015,continuation
AAPL_2024-10-31,AAPL,2024-10-31,AMC,2.48,2024-11-01,-0.0133,-1,-0.004,-0.0019,unclear,-0.0009,-0.0359,unclear,0.0193,-0.0283,reversal,0.0105,-0.0153,reversal,0.076,0.0189,reversal
AAPL_2025-01-30,AAPL,2025-01-30,AMC,2.52,2025-01-31,-0.0067,-1,-0.0339,-0.0271,continuation,-0.015,-0.0189,continuation,-0.0355,-0.0337,continuation,0.0376,0.0245,reversal,0.0097,0.0397,unclear
AAPL_2025-05-01,AAPL,2025-05-01,AMC,1.69,2025-05-02,-0.0374,-1,-0.0315,-0.0257,continuation,-0.0443,-0.0344,continuation,-0.0332,-0.0289,continuation,0.0301,-0.0183,reversal,-0.0165,-0.0623,continuation
AAPL_2025-07-31,AAPL,2025-07-31,AMC,10.12,2025-08-01,-0.025,-1,0.0048,-0.0104,unclear,0.0537,0.0359,reversal,0.1333,0.1084,reversal,0.1456,0.1107,reversal,0.1484,0.1108,reversal
AAPL_2025-10-30,AAPL,2025-10-30,AMC,4.52,2025-10-31,-0.0038,-1,-0.0049,-0.0068,unclear,-0.0009,0.0057,unclear,-0.007,0.0092,unclear,0.0085,0.0234,unclear,0.0481,0.0507,reversal
AAPL_2026-01-29,AAPL,2026-01-29,AMC,6.25,2026-01-30,0.0046,1,0.0406,0.0356,continuation,0.0656,0.0739,continuation,0.0718,0.0738,continuation,-0.0133,0.0014,reversal,0.0211,0.0292,continuation
AMD_2024-07-30,AMD,2024-07-30,AMC,1.26,2024-07-31,0.0436,1,-0.0826,-0.0685,reversal,-0.0669,-0.0062,reversal,-0.1094,-0.0511,reversal,-0.0258,-0.013,reversal,0.013,-0.0006,continuation
AMD_2024-10-29,AMD,2024-10-29,AMC,0.46,2024-10-30,-0.1062,-1,-0.0305,-0.0109,continuation,-0.0531,-0.0355,continuation,-0.0236,-0.0426,continuation,-0.0626,-0.0922,continuation,-0.0832,-0.1156,continuation
AMD_2025-02-04,AMD,2025-02-04,AMC,0.36,2025-02-05,-0.0627,-1,-0.0165,-0.02,continuation,-0.0137,-0.0147,continuation,-0.0026,-0.0012,unclear,0.0193,0.0091,reversal,-0.1175,-0.0653,continuation
AMD_2025-05-06,AMD,2025-05-06,AMC,2.83,2025-05-07,0.0176,1,0.0134,0.0064,continuation,0.0773,0.0384,continuation,0.173,0.1259,continuation,0.1166,0.0779,continuation,0.1528,0.0959,continuation
AMD_2025-08-05,AMD,2025-08-05,AMC,1240.2,2025-08-06,-0.0642,-1,0.0569,0.0577,reversal,0.0562,0.0512,reversal,0.1306,0.1114,reversal,0.0128,0.0043,reversal,-0.0082,-0.034,unclear
AMD_2025-11-04,AMD,2025-11-04,AMC,10.04,2025-11-05,0.0251,1,-0.0727,-0.062,reversal,-0.0482,-0.0539,reversal,0.01,0.0014,unclear,-0.1279,-0.1058,reversal,-0.1574,-0.1675,reversal
AMD_2026-02-03,AMD,2026-02-03,AMC,15.98,2026-02-04,-0.1731,-1,-0.0384,-0.0259,continuation,0.079,0.0677,reversal,0.0669,0.0585,reversal,0.0159,0.0184,reversal,-0.0037,0.0034,unclear
AMZN_2024-08-01,AMZN,2024-08-01,INTRADAY,23.76,2024-08-02,-0.0878,-1,-0.041,-0.0119,continuation,-0.0306,-0.0038,continuation,-0.0057,-0.0059,unclear,0.0546,0.0144,reversal,0.0631,0.0054,reversal
AMZN_2024-10-31,AMZN,2024-10-31,AMC,25.17,2024-11-01,0.0619,1,-0.0109,-0.0087,reversal,0.0463,0.0113,continuation,0.0518,0.0042,continuation,0.0236,-0.0021,continuation,0.0646,0.0075,continuation
AMZN_2025-02-06,AMZN,2025-02-06,AMC,25.36,2025-02-07,-0.0405,-1,0.0174,0.0106,reversal,-0.001,-0.0053,unclear,-0.0021,-0.0169,unclear,-0.0717,-0.0658,continuation,-0.151,-0.0841,continuation
AMZN_2025-05-01,AMZN,2025-05-01,AMC,17.08,2025-05-02,-0.0012,-1,-0.0191,-0.0134,continuation,-0.0067,0.0032,unclear,0.0162,0.0205,reversal,0.0822,0.0338,reversal,0.0877,0.042,reversal
AMZN_2025-07-31,AMZN,2025-07-31,AMC,26.13,2025-08-01,-0.0827,-1,-0.0144,-0.0296,continuation,0.0352,0.0174,reversal,0.037,0.0121,reversal,0.0758,0.0409,reversal,0.0664,0.0288,reversal
AMZN_2025-10-30,AMZN,2025-10-30,AMC,25.2,2025-10-31,0.0958,1,0.04,0.0382,continuation,0.0245,0.0311,continuation,0.0008,0.017,unclear,-0.039,-0.0242,reversal,-0.0423,-0.0397,reversal
AMZN_2026-02-05,AMZN,2026-02-05,AMC,0.22,2026-02-06,-0.0555,-1,-0.0076,-0.0124,unclear,-0.0297,-0.0316,continuation,-0.0548,-0.042,continuation,-0.024,-0.0121,continuation,0.0151,0.033,reversal
AMZN_2026-04-29,AMZN,2026-04-29,AMC,68.18,2026-04-30,0.0077,1,0.0121,0.0093,continuation,0.032,0.0249,continuation,0.0231,0.0051,continuation,0.0081,-0.0329,unclear,0.0211,-0.0316,continuation
COIN_2024-08-01,COIN,2024-08-01,AMC,-82.45,2024-08-02,-0.0386,-1,-0.0732,-0.0441,continuation,-0.1249,-0.0982,continuation,-0.0399,-0.04,continuation,0.0043,-0.0359,unclear,-0.1031,-0.1609,continuation
COIN_2024-10-30,COIN,2024-10-30,AMC,-33.33,2024-10-31,-0.1534,-1,0.0203,0.016,reversal,0.0821,0.0679,reversal,0.4258,0.3784,reversal,0.5556,0.5121,reversal,0.6524,0.5928,reversal
COIN_2025-02-13,COIN,2025-02-13,AMC,128.96,2025-02-14,-0.0798,-1,-0.0353,-0.0382,continuation,-0.0646,-0.0657,continuation,-0.1722,-0.1517,continuation,-0.2499,-0.2074,continuation,-0.3111,-0.2414,continuation
COIN_2025-05-08,COIN,2025-05-08,AMC,-87.38,2025-05-09,-0.0348,-1,0.0396,0.0066,reversal,0.3215,0.2803,reversal,0.3368,0.2839,reversal,0.3203,0.2941,reversal,0.2875,0.2249,reversal
COIN_2025-07-31,COIN,2025-07-31,AMC,245.59,2025-08-01,-0.167,-1,0.0111,-0.0041,reversal,-0.0353,-0.0531,continuation,-0.0132,-0.0381,continuation,0.0091,-0.0258,unclear,-0.0323,-0.0698,continuation
COIN_2025-10-30,COIN,2025-10-30,AMC,32.96,2025-10-31,0.0465,1,-0.0389,-0.0407,reversal,-0.0712,-0.0646,reversal,-0.1008,-0.0845,reversal,-0.1739,-0.159,reversal,-0.2442,-0.2415,reversal
COIN_2026-02-12,COIN,2026-02-12,AMC,-364.89,2026-02-13,0.1646,1,0.0103,0.0087,continuation,0.0099,0.0059,unclear,-0.0248,-0.0258,reversal,0.1273,0.1205,continuation,0.2373,0.256,continuation
GOOGL_2024-07-23,GOOGL,2024-07-23,AMC,2.54,2024-07-24,-0.0504,-1,-0.031,-0.0258,continuation,-0.018,-0.0245,continuation,-0.0063,-0.024,unclear,-0.0793,-0.0376,continuation,-0.0393,-0.0751,continuation
GOOGL_2024-10-29,GOOGL,2024-10-29,AMC,14.83,2024-10-30,0.0282,1,-0.0192,0.0004,reversal,-0.0299,-0.0123,reversal,0.0118,-0.0073,continuation,0.0253,-0.0043,continuation,-0.03,-0.0624,reversal
GOOGL_2025-02-04,GOOGL,2025-02-04,AMC,1.18,2025-02-05,-0.0729,-1,0.0014,-0.0021,unclear,-0.0254,-0.0264,continuation,-0.0403,-0.0389,continuation,-0.0354,-0.0456,continuation,-0.0992,-0.0471,continuation
GOOGL_2025-04-24,GOOGL,2025-04-24,AMC,40.1,2025-04-25,0.0168,1,-0.0083,-0.0087,unclear,-0.0195,-0.0266,reversal,0.0128,-0.0165,continuation,-0.0569,-0.0817,reversal,0.0402,-0.0115,continuation
GOOGL_2025-07-23,GOOGL,2025-07-23,AMC,5.67,2025-07-24,0.0102,1,0.0053,0.001,unclear,0.0186,0.0173,continuation,-0.0014,0.0023,unclear,0.0226,0.0261,continuation,0.0394,0.0377,continuation
GOOGL_2025-10-29,GOOGL,2025-10-29,AMC,26.88,2025-10-30,0.0252,1,-0.001,-0.0043,unclear,-0.014,-0.0072,reversal,0.0116,0.0256,continuation,-0.0103,0.0011,reversal,0.1375,0.1323,continuation
GOOGL_2026-02-04,GOOGL,2026-02-04,AMC,7.01,2026-02-05,-0.0054,-1,-0.0253,-0.0445,continuation,-0.0382,-0.0596,continuation,-0.0672,-0.0726,continuation,-0.0491,-0.0665,continuation,-0.0988,-0.0911,continuation
GOOGL_2026-04-29,GOOGL,2026-04-29,AMC,94.3,2026-04-30,0.0996,1,0.0023,-0.0005,unclear,0.0094,0.0023,unclear,0.0343,0.0163,continuation,0.0423,0.0012,continuation,-0.0116,-0.0642,reversal
JPM_2024-07-12,JPM,2024-07-12,BMO,35.02,2024-07-12,-0.0121,-1,0.0249,0.0222,reversal,0.0582,0.0637,reversal,0.0236,0.0433,reversal,0.0356,0.0634,reversal,0.0042,0.0524,unclear
JPM_2024-10-11,JPM,2024-10-11,BMO,9.63,2024-10-11,0.0444,1,-0.0036,-0.0118,unclear,0.0061,0.0014,unclear,0.0139,0.0052,continuation,0.0001,0.001,unclear,0.0661,0.034,continuation
JPM_2025-01-15,JPM,2025-01-15,BMO,19.18,2025-01-15,0.0197,1,0.0076,0.0095,unclear,0.0423,0.025,continuation,0.0539,0.0253,continuation,0.0629,0.0422,continuation,0.095,0.0664,continuation
JPM_2025-04-11,JPM,2025-04-11,BMO,9.15,2025-04-11,0.04,1,-0.0063,-0.016,unclear,-0.0279,-0.0124,reversal,-0.0305,0.007,reversal,0.0297,-0.0019,continuation,0.101,0.0091,continuation
JPM_2025-07-15,JPM,2025-07-15,BMO,10.62,2025-07-15,-0.0074,-1,-0.0025,-0.0059,unclear,0.0165,0.0077,reversal,0.017,0.0062,reversal,0.0366,0.0155,reversal,0.022,-0.011,reversal
JPM_2025-10-14,JPM,2025-10-14,BMO,4.01,2025-10-14,-0.0191,-1,0.012,0.0075,reversal,-0.015,-0.0182,continuation,-0.0165,-0.0302,continuation,0.0109,-0.0266,reversal,0.0448,0.0135,reversal
JPM_2026-01-13,JPM,2026-01-13,BMO,-3.91,2026-01-13,-0.0419,-1,-0.0097,-0.0048,unclear,0.005,0.0081,unclear,-0.0285,-0.0164,continuation,-0.0326,-0.035,continuation,-0.0003,0.0024,unclear
JPM_2026-04-14,JPM,2026-04-14,BMO,7.78,2026-04-14,-0.0082,-1,-0.0167,-0.0246,continuation,-0.0027,-0.0252,unclear,0.006,-0.0078,unclear,0.0011,-0.0237,unclear,-0.0201,-0.083,continuation
META_2024-07-31,META,2024-07-31,AMC,8.45,2024-08-01,0.0482,1,-0.0193,-0.0007,reversal,-0.0073,0.0311,unclear,0.0239,0.0466,continuation,0.0795,0.061,continuation,0.0411,0.0129,continuation
META_2024-10-30,META,2024-10-30,AMC,13.94,2024-10-31,-0.0409,-1,-0.0007,-0.005,unclear,0.0085,-0.0056,unclear,0.0425,-0.0049,reversal,0.0169,-0.0266,reversal,0.0119,-0.0478,reversal
META_2025-01-29,META,2025-01-29,AMC,18.67,2025-01-30,0.0155,1,0.0032,0.0085,unclear,0.025,0.0304,continuation,0.0364,0.0343,continuation,0.0605,0.0527,continuation,-0.0274,-0.0094,reversal
META_2025-04-30,META,2025-04-30,AMC,23.11,2025-05-01,0.0423,1,0.0434,0.0285,continuation,0.0264,0.0258,continuation,0.0451,0.0333,continuation,0.1253,0.068,continuation,0.1316,0.0762,continuation
META_2025-07-30,META,2025-07-30,AMC,20.96,2025-07-31,0.1125,1,-0.0303,-0.0139,reversal,-0.0129,-0.0064,reversal,-0.015,-0.0153,reversal,0.0112,-0.0091,continuation,-0.0289,-0.0555,reversal
META_2025-10-29,META,2025-10-29,AMC,-84.34,2025-10-30,-0.1133,-1,-0.0272,-0.0305,continuation,-0.0587,-0.052,continuation,-0.0713,-0.0573,continuation,-0.0849,-0.0734,continuation,-0.0278,-0.033,continuation
META_2026-01-28,META,2026-01-28,AMC,8.0,2026-01-29,0.104,1,-0.0295,-0.0266,reversal,-0.0631,-0.0566,reversal,-0.0922,-0.0686,reversal,-0.1199,-0.1015,reversal,-0.1221,-0.1105,reversal
META_2026-04-29,META,2026-04-29,AMC,7.2,2026-04-30,-0.0855,-1,-0.0052,-0.0079,unclear,-0.0114,-0.0185,continuation,0.008,-0.01,unclear,0.0107,-0.0304,reversal,0.0337,-0.019,reversal
MSFT_2024-07-30,MSFT,2024-07-30,AMC,0.23,2024-07-31,-0.0108,-1,-0.003,0.0112,unclear,-0.0555,0.0052,continuation,-0.0476,0.0108,continuation,-0.0036,0.0093,unclear,-0.0168,-0.0304,continuation
MSFT_2024-10-30,MSFT,2024-10-30,AMC,6.13,2024-10-31,-0.0605,-1,0.0099,0.0057,unclear,0.0126,-0.0016,reversal,0.047,-0.0005,reversal,0.0505,0.0071,reversal,0.0442,-0.0154,reversal
MSFT_2025-01-29,MSFT,2025-01-29,AMC,3.47,2025-01-30,-0.0618,-1,0.0002,0.0055,unclear,-0.0063,-0.0009,unclear,0.002,-0.0001,unclear,-0.0107,-0.0185,continuation,-0.0415,-0.0235,continuation
MSFT_2025-04-30,MSFT,2025-04-30,AMC,7.4,2025-05-01,0.0763,1,0.0232,0.0084,continuation,0.0186,0.018,continuation,0.03,0.0182,continuation,0.0671,0.0099,continuation,0.0842,0.0288,continuation
MSFT_2025-07-30,MSFT,2025-07-30,AMC,8.09,2025-07-31,0.0395,1,-0.0176,-0.0012,reversal,-0.0108,-0.0043,reversal,-0.0237,-0.024,reversal,-0.0207,-0.041,reversal,-0.0432,-0.0698,reversal
MSFT_2025-10-29,MSFT,2025-10-29,AMC,12.73,2025-10-30,-0.0292,-1,-0.0151,-0.0184,continuation,-0.0217,-0.015,continuation,-0.0545,-0.0405,continuation,-0.0427,-0.0313,continuation,-0.0624,-0.0677,continuation
MSFT_2026-01-28,MSFT,2026-01-28,AMC,5.69,2026-01-29,-0.0999,-1,-0.0074,-0.0044,unclear,-0.0514,-0.0449,continuation,-0.0919,-0.0682,continuation,-0.073,-0.0546,continuation,-0.092,-0.0804,continuation
MSFT_2026-04-29,MSFT,2026-04-29,AMC,5.22,2026-04-30,-0.0393,-1,0.0163,0.0136,reversal,0.0088,0.0017,unclear,0.0319,0.0139,reversal,0.004,-0.037,unclear,0.1065,0.0539,reversal
NFLX_2024-07-18,NFLX,2024-07-18,AMC,2.92,2024-07-19,-0.0151,-1,0.0224,0.012,reversal,0.0042,0.0183,unclear,-0.0031,0.0052,unclear,-0.0311,-0.0018,continuation,0.0643,0.0546,reversal
NFLX_2024-10-17,NFLX,2024-10-17,AMC,5.56,2024-10-18,0.1109,1,0.0107,0.0124,continuation,-0.0191,-0.0078,reversal,-0.0121,-0.0026,reversal,-0.0102,0.013,reversal,0.0786,0.0767,continuation
NFLX_2025-01-21,NFLX,2025-01-21,AMC,1.78,2025-01-22,0.0969,1,0.0324,0.0269,continuation,0.0188,0.0304,continuation,0.0253,0.033,continuation,0.0599,0.0635,continuation,0.074,0.0675,continuation
NFLX_2025-04-17,NFLX,2025-04-17,AMC,16.82,2025-04-21,0.0153,1,0.0531,0.0271,continuation,0.1103,0.0464,continuation,0.124,0.052,continuation,0.1479,0.0514,continuation,0.2062,0.0487,continuation
NFLX_2025-07-17,NFLX,2025-07-17,AMC,2.24,2025-07-18,-0.051,-1,0.0199,0.018,reversal,-0.0268,-0.0374,continuation,-0.0238,-0.0389,continuation,-0.0419,-0.0325,continuation,0.0246,-0.0007,reversal
NFLX_2025-10-21,NFLX,2025-10-21,AMC,-15.79,2025-10-22,-0.1007,-1,-0.0025,-0.0084,unclear,-0.0195,-0.0457,continuation,-0.0143,-0.0436,continuation,-0.016,-0.0307,continuation,-0.0147,-0.0069,continuation
NFLX_2026-01-20,NFLX,2026-01-20,AMC,1.43,2026-01-21,-0.0218,-1,-0.0213,-0.0265,continuation,0.004,-0.0067,unclear,-0.0084,-0.0231,unclear,-0.0609,-0.0621,continuation,-0.0979,-0.0966,continuation
NFLX_2026-04-16,NFLX,2026-04-16,AMC,-1.4,2026-04-17,-0.0972,-1,-0.0255,-0.0235,continuation,-0.0418,-0.0433,continuation,-0.05,-0.0554,continuation,-0.054,-0.0688,continuation,-0.1057,-0.1466,continuation
NVDA_2024-08-28,NVDA,2024-08-28,AMC,5.66,2024-08-29,-0.0638,-1,0.0151,0.0056,reversal,-0.0968,-0.0835,continuation,-0.1255,-0.0933,continuation,0.0129,0.0064,reversal,0.0325,0.0059,reversal
NVDA_2024-11-20,NVDA,2024-11-20,AMC,8.52,2024-11-21,0.0053,1,-0.0322,-0.0353,reversal,-0.0665,-0.0782,reversal,-0.0574,-0.0724,reversal,-0.0288,-0.0526,reversal,-0.0815,-0.0807,reversal
NVDA_2025-02-26,NVDA,2025-02-26,AMC,5.25,2025-02-27,-0.0848,-1,0.0397,0.0241,reversal,-0.0346,-0.0206,continuation,-0.0797,-0.0586,continuation,-0.0379,0.0195,continuation,-0.0725,-0.0447,continuation
NVDA_2025-05-28,NVDA,2025-05-28,AMC,8.02,2025-05-29,0.0325,1,-0.0292,-0.0281,reversal,0.0146,0.0043,continuation,0.0057,0.0007,unclear,0.0418,0.0186,continuation,0.1334,0.0882,continuation
NVDA_2025-08-27,NVDA,2025-08-27,AMC,4.1,2025-08-28,-0.0079,-1,-0.0332,-0.0273,continuation,-0.053,-0.045,continuation,-0.073,-0.0704,continuation,-0.013,-0.0261,continuation,-0.0109,-0.0336,continuation
NVDA_2025-11-19,NVDA,2025-11-19,AMC,3.46,2025-11-20,-0.0315,-1,-0.0097,-0.0197,unclear,-0.0156,-0.0501,continuation,-0.0202,-0.0674,continuation,0.0099,-0.041,unclear,0.002,-0.0441,unclear
NVDA_2026-02-25,NVDA,2026-02-25,AMC,5.32,2026-02-26,-0.0546,-1,-0.0416,-0.0368,continuation,-0.0262,-0.0132,continuation,-0.0084,0.0032,unclear,-0.0094,0.0243,unclear,-0.0738,-0.0122,continuation
PLTR_2024-08-05,PLTR,2024-08-05,AMC,10.55,2024-08-06,0.1038,1,-0.0102,-0.0035,reversal,0.1286,0.1079,continuation,0.1429,0.1048,continuation,0.2155,0.1455,continuation,0.1504,0.0953,continuation
PLTR_2024-11-04,PLTR,2024-11-04,AMC,10.06,2024-11-05,0.2347,1,0.0861,0.0612,continuation,0.142,0.1047,continuation,0.1705,0.1355,continuation,0.2318,0.2082,continuation,0.3661,0.3124,continuation
PLTR_2025-02-03,PLTR,2025-02-03,AMC,23.72,2025-02-04,0.2399,1,-0.0238,-0.0278,reversal,0.0676,0.0693,continuation,0.0847,0.0788,continuation,0.0793,0.0607,continuation,-0.1319,-0.1008,reversal
PLTR_2025-05-05,PLTR,2025-05-05,AMC,1.11,2025-05-06,-0.1205,-1,0.0149,0.0107,reversal,0.0775,0.0676,reversal,0.1767,0.1266,reversal,0.1537,0.0927,reversal,0.1943,0.1278,reversal
PLTR_2025-08-04,PLTR,2025-08-04,AMC,15.57,2025-08-05,0.0785,1,0.0362,0.0285,continuation,0.079,0.0643,continuation,0.0791,0.0556,continuation,-0.0896,-0.1084,reversal,-0.106,-0.1311,reversal
PLTR_2025-11-03,PLTR,2025-11-03,AMC,25.46,2025-11-04,-0.0794,-1,-0.0149,-0.0184,continuation,-0.0672,-0.0608,continuation,0.0012,-0.0103,unclear,-0.1227,-0.1003,continuation,-0.0769,-0.0897,continuation
PLTR_2026-02-02,PLTR,2026-02-02,AMC,8.6,2026-02-03,0.0685,1,-0.1162,-0.1113,reversal,-0.1392,-0.1408,reversal,-0.1164,-0.1201,reversal,-0.1425,-0.1378,reversal,-0.0297,-0.0233,reversal
TSLA_2024-07-23,TSLA,2024-07-23,AMC,-16.15,2024-07-24,-0.1233,-1,0.0197,0.0249,reversal,0.0746,0.0681,reversal,0.0744,0.0567,reversal,-0.1122,-0.0705,continuation,0.0337,-0.0021,reversal
TSLA_2024-10-23,TSLA,2024-10-23,AMC,24.76,2024-10-24,0.2192,1,0.0334,0.0338,continuation,-0.0037,-0.0081,unclear,-0.0408,-0.0225,reversal,0.1399,0.1116,continuation,0.3039,0.279,continuation
TSLA_2025-01-29,TSLA,2025-01-29,AMC,-4.83,2025-01-30,0.0287,1,0.0108,0.0161,continuation,-0.0202,-0.0148,reversal,-0.0649,-0.067,reversal,-0.1108,-0.1185,reversal,-0.2681,-0.2501,reversal
TSLA_2025-04-22,TSLA,2025-04-22,AMC,-34.89,2025-04-23,0.0537,1,0.035,0.0139,continuation,0.1401,0.1113,continuation,0.1253,0.0896,continuation,0.1016,0.0536,continuation,0.3345,0.2459,continuation
TSLA_2025-07-23,TSLA,2025-07-23,AMC,-0.97,2025-07-24,-0.082,-1,0.0352,0.031,reversal,0.0521,0.0508,reversal,0.0097,0.0134,unclear,0.0556,0.059,reversal,0.0485,0.0467,reversal
TSLA_2025-10-22,TSLA,2025-10-22,AMC,-12.16,2025-10-23,0.0228,1,-0.034,-0.0422,reversal,0.0258,0.003,continuation,-0.0198,-0.0318,reversal,-0.0068,-0.0047,unclear,-0.1197,-0.0911,reversal
TSLA_2026-01-28,TSLA,2026-01-28,AMC,-29.32,2026-01-29,-0.0345,-1,0.0332,0.0362,reversal,0.013,0.0195,reversal,-0.0465,-0.0228,continuation,0.0012,0.0196,unclear,-0.0337,-0.0221,continuation
TSLA_2026-04-22,TSLA,2026-04-22,AMC,17.15,2026-04-23,-0.0356,-1,0.0069,-0.0008,unclear,0.0062,0.0016,unclear,0.0212,0.0068,reversal,0.1019,0.0692,reversal,0.1181,0.0697,reversal
