event_id,ticker,t0_utc,direction,cluster_len,peak_abs_ret_3_bp,peak_z_ret_3,peak_volume_mult,peak_range_mult,peak_impact_mult,event_window_start,event_window_end,val_window_start,val_window_end,event_return,forward_return_60m,label_proxy,strength_score,keep_reason
AAPL_20251120_143000,AAPL,2025-11-20 14:30:00+00:00,1,9,145.60017717407004,6.423444192292013,1210.9664816870145,15.63453306087073,0.0293587196580667,2025-11-20 14:10:00+00:00,2025-11-20 14:30:00+00:00,2025-11-20 14:35:00+00:00,2025-11-20 15:30:00+00:00,0.0089027911453321,0.0064998440624484,continuation,0.8068409452234904,min_quota
AAPL_20251111_143500,AAPL,2025-11-11 14:35:00+00:00,1,9,124.35507783543854,6.571926885351672,938.9822552947912,28.19692856504735,0.0447262369589204,2025-11-11 14:15:00+00:00,2025-11-11 14:35:00+00:00,2025-11-11 14:40:00+00:00,2025-11-11 15:35:00+00:00,0.0045188888888889,0.0096228118786181,continuation,0.7897680327534151,min_quota
AAPL_20260105_143000,AAPL,2026-01-05 14:30:00+00:00,-1,8,106.49599475162086,5.604391853366496,1645.2766740250183,47.1355928634694,0.0706129805950527,2026-01-05 14:10:00+00:00,2026-01-05 14:30:00+00:00,2026-01-05 14:35:00+00:00,2026-01-05 15:30:00+00:00,-0.0103282256014713,0.0065865741241197,reversal,0.7880015717825122,min_quota
AAPL_20251031_133000,AAPL,2025-10-31 13:30:00+00:00,-1,9,258.8697133545681,5.856371472435643,281.8451266268485,10.262115316201756,0.0669470359787008,2025-10-31 13:10:00+00:00,2025-10-31 13:30:00+00:00,2025-10-31 13:35:00+00:00,2025-10-31 14:30:00+00:00,-0.016747703943814,-0.0089010989010989,continuation,0.7579772369322004,min_quota
AAPL_20260106_143000,AAPL,2026-01-06 14:30:00+00:00,-1,3,126.2463509876044,6.279095587897799,1082.036231884058,43.17780614846815,0.0415557086465101,2026-01-06 14:10:00+00:00,2026-01-06 14:30:00+00:00,2026-01-06 14:35:00+00:00,2026-01-06 15:30:00+00:00,-0.0086907660610601,-0.00162491025205,unclear,0.7394729951889453,high_strength_unclear
AAPL_20251125_143000,AAPL,2025-11-25 14:30:00+00:00,1,3,201.239518775056,6.218475025474709,877.1726976018164,20.216252717437296,0.028873189996248,2025-11-25 14:10:00+00:00,2025-11-25 14:30:00+00:00,2025-11-25 14:35:00+00:00,2025-11-25 15:30:00+00:00,0.0146078467086809,0.0035189573459715,continuation,0.7331835026053227,min_quota
AAPL_20251211_143000,AAPL,2025-12-11 14:30:00+00:00,-1,8,136.37577164277826,6.288825221539413,496.16724454415663,13.490837515883694,0.0515931236866522,2025-12-11 14:10:00+00:00,2025-12-11 14:30:00+00:00,2025-12-11 14:35:00+00:00,2025-12-11 15:30:00+00:00,-0.0045804258364643,-0.0089873099183952,continuation,0.7300765478907223,min_quota
AAPL_20251103_143000,AAPL,2025-11-03 14:30:00+00:00,-1,5,111.21287452571238,6.101493885911368,582.3020452390627,10.083002769721856,0.0454889737094954,2025-11-03 14:10:00+00:00,2025-11-03 14:30:00+00:00,2025-11-03 14:35:00+00:00,2025-11-03 15:30:00+00:00,-0.0035527922726766,-0.003936861652739,continuation,0.6539194699282206,min_quota
AAPL_20251229_143000,AAPL,2025-12-29 14:30:00+00:00,1,3,80.31478689368265,6.530751520869149,820.7650825749915,36.86735746787426,0.0570069360052985,2025-12-29 14:10:00+00:00,2025-12-29 14:30:00+00:00,2025-12-29 14:35:00+00:00,2025-12-29 15:30:00+00:00,0.0042983100661277,0.0019387643121042,unclear,0.6402855605693932,high_strength_unclear
AAPL_20251117_143000,AAPL,2025-11-17 14:30:00+00:00,-1,4,79.6489614986462,4.268936251444297,737.8314838709678,13.630918490945527,0.054287861781455,2025-11-17 14:10:00+00:00,2025-11-17 14:30:00+00:00,2025-11-17 14:35:00+00:00,2025-11-17 15:30:00+00:00,-0.0053940520446097,0.0049374133336324,reversal,0.5299075103915681,min_quota
AMD_20260114_143500,AMD,2026-01-14 14:35:00+00:00,-1,23,257.30724971231746,5.251554569264882,269.9484596659112,11.501387804504953,0.7431913788572839,2026-01-14 14:15:00+00:00,2026-01-14 14:35:00+00:00,2026-01-14 14:40:00+00:00,2026-01-14 15:35:00+00:00,-0.0028069206699796,0.0304093027548335,reversal,0.8175671531105513,min_quota
AMD_20260113_143000,AMD,2026-01-13 14:30:00+00:00,1,16,289.38682534517034,4.32925277101701,670.3195250831757,29.505408490086246,0.4557140217869538,2026-01-13 14:10:00+00:00,2026-01-13 14:30:00+00:00,2026-01-13 14:35:00+00:00,2026-01-13 15:30:00+00:00,0.0250837365091178,-0.0120806709265175,reversal,0.807728066983814,min_quota
AMD_20251022_133000,AMD,2025-10-22 13:30:00+00:00,-1,30,218.33214908597571,5.150988176430928,382.5383754754979,12.922517213681292,0.5922908248668032,2025-10-22 13:10:00+00:00,2025-10-22 13:30:00+00:00,2025-10-22 13:35:00+00:00,2025-10-22 14:30:00+00:00,-0.0037960268252562,-0.0168296710275625,continuation,0.789983577426187,min_quota
AMD_20251114_143000,AMD,2025-11-14 14:30:00+00:00,-1,21,320.70044889173533,4.61349437864829,252.3661933860532,9.10622079719015,0.2917483975267371,2025-11-14 14:10:00+00:00,2025-11-14 14:30:00+00:00,2025-11-14 14:35:00+00:00,2025-11-14 15:30:00+00:00,-0.0160822123193536,0.0406876657417929,reversal,0.7534841873202345,min_quota
AMD_20251118_143000,AMD,2025-11-18 14:30:00+00:00,-1,14,255.1542326080547,5.707037649483839,324.2675229070405,11.418180999984942,0.0554149311598935,2025-11-18 14:10:00+00:00,2025-11-18 14:30:00+00:00,2025-11-18 14:35:00+00:00,2025-11-18 15:30:00+00:00,-0.0087089410272669,-0.0283590039485709,continuation,0.7516772960313451,min_quota
AMD_20251205_143000,AMD,2025-12-05 14:30:00+00:00,1,19,224.98615469817463,4.792179950838591,698.3070671378092,38.77663547494041,0.0818246612419706,2025-12-05 14:10:00+00:00,2025-12-05 14:30:00+00:00,2025-12-05 14:35:00+00:00,2025-12-05 15:30:00+00:00,0.0219326568265683,-0.0028435377220102,unclear,0.7297106574304681,high_strength_unclear
AMD_20251111_182500,AMD,2025-11-11 18:25:00+00:00,-1,7,347.3841743602724,4.497895300765222,16.335527634377428,10.70982757240127,1.6023307402511284,2025-11-11 18:05:00+00:00,2025-11-11 18:25:00+00:00,2025-11-11 18:30:00+00:00,2025-11-11 19:25:00+00:00,-0.0039298537204858,0.005161994292429,reversal,0.7155743596802135,min_quota
AMD_20251229_143500,AMD,2025-12-29 14:35:00+00:00,1,16,172.31598354843226,5.327227035232887,436.1455160744501,37.091295452833215,0.1494198440213745,2025-12-29 14:15:00+00:00,2025-12-29 14:35:00+00:00,2025-12-29 14:40:00+00:00,2025-12-29 15:35:00+00:00,0.0122467907307084,-0.0018194117235426,unclear,0.7078508925309113,high_strength_unclear
AMD_20251208_143000,AMD,2025-12-08 14:30:00+00:00,1,10,151.31458827825517,6.584640532391341,556.7664867402018,32.842081037527294,0.0810146716516343,2025-12-08 14:10:00+00:00,2025-12-08 14:30:00+00:00,2025-12-08 14:35:00+00:00,2025-12-08 15:30:00+00:00,0.0081409876430624,-0.0050448810784847,reversal,0.7074379177135153,min_quota
AMD_20251119_210000,AMD,2025-11-19 21:00:00+00:00,1,11,378.720767406453,4.316893150347182,0.6396332226446895,8.716259696485455,34.15726400166076,2025-11-19 20:40:00+00:00,2025-11-19 21:00:00+00:00,2025-11-19 21:05:00+00:00,2025-11-19 22:00:00+00:00,0.0329493376297886,0.0093924581308151,continuation,0.6911588716849804,min_quota
AMD_20251211_143000,AMD,2025-12-11 14:30:00+00:00,-1,18,221.1888891075464,4.767163242679168,422.096872920825,20.858895541879875,0.0993784355733359,2025-12-11 14:10:00+00:00,2025-12-11 14:30:00+00:00,2025-12-11 14:35:00+00:00,2025-12-11 15:30:00+00:00,-0.0216850790740317,0.0020644796115067,unclear,0.6856469979993962,high_strength_unclear
AMD_20251121_143000,AMD,2025-11-21 14:30:00+00:00,-1,31,312.27628428250887,4.0718904105247455,105.0560940206958,4.965229637456719,0.5748747072449925,2025-11-21 14:10:00+00:00,2025-11-21 14:30:00+00:00,2025-11-21 14:35:00+00:00,2025-11-21 15:30:00+00:00,-0.0139975990396158,-0.038449363235688,continuation,0.6695293366581414,top_global
AMD_20251104_205500,AMD,2025-11-04 20:55:00+00:00,-1,9,274.1092343730789,4.410038868580731,5.59258910476623,8.556811451845416,8.690377383555319,2025-11-04 20:35:00+00:00,2025-11-04 20:55:00+00:00,2025-11-04 21:00:00+00:00,2025-11-04 21:55:00+00:00,-0.0060406151889678,-0.0137139658550238,continuation,0.6430432536094071,top_global
AMD_20251104_143000,AMD,2025-11-04 14:30:00+00:00,-1,11,232.04330938437323,4.708187607162378,246.75353119971396,7.260076229872428,0.1689049304959477,2025-11-04 14:10:00+00:00,2025-11-04 14:30:00+00:00,2025-11-04 14:35:00+00:00,2025-11-04 15:30:00+00:00,-0.0065379078694818,0.0322204109561472,reversal,0.6393624567156395,top_global
AMD_20251202_143500,AMD,2025-12-02 14:35:00+00:00,1,6,176.52762119504172,6.347531595705456,266.62008091210004,7.307469162330011,0.0459220118090469,2025-12-02 14:15:00+00:00,2025-12-02 14:35:00+00:00,2025-12-02 14:40:00+00:00,2025-12-02 15:35:00+00:00,0.0066870119378872,-0.0114573581204582,reversal,0.6368699661472388,top_global
META_20251222_143000,META,2025-12-22 14:30:00+00:00,1,12,161.34220072551608,7.961847615574595,532.1368597816961,24.20132414233709,0.1077517015778734,2025-12-22 14:10:00+00:00,2025-12-22 14:30:00+00:00,2025-12-22 14:35:00+00:00,2025-12-22 15:30:00+00:00,0.0052726998035956,-0.0041629720915552,reversal,0.9548484381790734,min_quota
META_20251112_143000,META,2025-11-12 14:30:00+00:00,-1,15,122.82686306128944,7.053643405885488,497.5954123962909,16.73234930516489,0.0785728431706316,2025-11-12 14:10:00+00:00,2025-11-12 14:30:00+00:00,2025-11-12 14:35:00+00:00,2025-11-12 15:30:00+00:00,-0.0067619047619047,-0.0199483811167576,continuation,0.8110196908133069,min_quota
META_20260113_143000,META,2026-01-13 14:30:00+00:00,-1,11,124.1006793629551,6.543102144531863,560.0604496866937,22.88086321199854,0.0621360517467296,2026-01-13 14:10:00+00:00,2026-01-13 14:30:00+00:00,2026-01-13 14:35:00+00:00,2026-01-13 15:30:00+00:00,-0.0058413577462159,-0.0192543911121544,continuation,0.8088394873090379,min_quota
META_20260108_143000,META,2026-01-08 14:30:00+00:00,-1,3,139.4647568790064,5.631701467156647,948.873473917869,54.09631644781692,0.0606456566851888,2026-01-08 14:10:00+00:00,2026-01-08 14:30:00+00:00,2026-01-08 14:35:00+00:00,2026-01-08 15:30:00+00:00,-0.0111795856430584,0.0047212652677732,reversal,0.7788996345144327,min_quota
META_20260105_143000,META,2026-01-05 14:30:00+00:00,1,8,114.97042783623846,6.558439790144666,409.3277545327754,26.15567425446856,0.0833385299535507,2026-01-05 14:10:00+00:00,2026-01-05 14:30:00+00:00,2026-01-05 14:35:00+00:00,2026-01-05 15:30:00+00:00,0.0053096596588899,0.0141314782023382,continuation,0.755993706114666,min_quota
META_20251029_194500,META,2025-10-29 19:45:00+00:00,1,12,867.8566287606171,5.105099892574341,9.828038384497136,54.56216567870433,9.697039004230806,2025-10-29 19:25:00+00:00,2025-10-29 19:45:00+00:00,2025-10-29 19:50:00+00:00,2025-10-29 20:45:00+00:00,0.008681112894596,-0.0743810420506836,reversal,0.6947111578803915,min_quota
META_20260107_144500,META,2026-01-07 14:45:00+00:00,-1,7,111.1111111111085,5.994859346102765,482.2165137614679,16.605265389301273,0.0393648082619993,2026-01-07 14:25:00+00:00,2026-01-07 14:45:00+00:00,2026-01-07 14:50:00+00:00,2026-01-07 15:45:00+00:00,-0.0020741192618576,-0.0097273588654216,continuation,0.6515756488331446,min_quota
META_20251103_143000,META,2025-11-03 14:30:00+00:00,-1,11,130.50599639232053,5.079733945008966,188.21723167298984,9.39943245976845,0.2364884830239512,2025-11-03 14:10:00+00:00,2025-11-03 14:30:00+00:00,2025-11-03 14:35:00+00:00,2025-11-03 15:30:00+00:00,-0.0037945748247485,-0.0094996252160745,continuation,0.6497660097856937,min_quota
MSFT_20251031_133000,MSFT,2025-10-31 13:30:00+00:00,-1,14,141.16091193974168,6.553449600240978,418.9162120031177,20.331241224455383,0.088725558195776,2025-10-31 13:10:00+00:00,2025-10-31 13:30:00+00:00,2025-10-31 13:35:00+00:00,2025-10-31 14:30:00+00:00,-0.0056952564757525,-0.0140247383444338,continuation,0.8588136769121806,min_quota
MSFT_20260107_143000,MSFT,2026-01-07 14:30:00+00:00,1,3,112.47593538126432,6.596904845404737,993.02546396202,27.36015720627747,0.0278668180469707,2026-01-07 14:10:00+00:00,2026-01-07 14:30:00+00:00,2026-01-07 14:35:00+00:00,2026-01-07 15:30:00+00:00,0.0089237199582026,0.0039563353149534,continuation,0.8107794361500191,min_quota
MSFT_20251124_144000,MSFT,2025-11-24 14:40:00+00:00,-1,6,124.50698219806044,5.391972996981501,337.8295868122458,9.935763628902414,0.0449453350362347,2025-11-24 14:20:00+00:00,2025-11-24 14:40:00+00:00,2025-11-24 14:45:00+00:00,2025-11-24 15:40:00+00:00,-0.0031257259921012,0.0059108917183958,reversal,0.7429552644874886,min_quota
MSFT_20251104_143000,MSFT,2025-11-04 14:30:00+00:00,-1,5,87.40915340796462,4.480371126777309,687.4624358376108,10.965647559457691,0.0960015831596375,2025-11-04 14:10:00+00:00,2025-11-04 14:30:00+00:00,2025-11-04 14:35:00+00:00,2025-11-04 15:30:00+00:00,-0.0056753910363928,0.0092089520036089,reversal,0.7170726974929513,min_quota
MSFT_20251110_143000,MSFT,2025-11-10 14:30:00+00:00,-1,6,97.20653669331504,4.697584701863394,351.57511229412745,9.260534405527252,0.0963576611407215,2025-11-10 14:10:00+00:00,2025-11-10 14:30:00+00:00,2025-11-10 14:35:00+00:00,2025-11-10 15:30:00+00:00,-0.0034677660870086,0.0097507057736703,reversal,0.6648188117213041,min_quota
MSFT_20251222_143500,MSFT,2025-12-22 14:35:00+00:00,-1,5,75.62044097287225,5.38251144836614,469.6722846441948,17.476639827576196,0.0784360437830417,2025-12-22 14:15:00+00:00,2025-12-22 14:35:00+00:00,2025-12-22 14:40:00+00:00,2025-12-22 15:35:00+00:00,-0.0072619853529448,0.0012708449569152,unclear,0.6637098640341439,high_strength_unclear
MSFT_20251029_195500,MSFT,2025-10-29 19:55:00+00:00,1,25,385.9111791730485,4.289980310120653,5.223284726413995,43.06824497597788,23.97931766018765,2025-10-29 19:35:00+00:00,2025-10-29 19:55:00+00:00,2025-10-29 20:00:00+00:00,2025-10-29 20:55:00+00:00,0.0061754724329134,-0.0307431436154526,reversal,0.6599436765354725,min_quota
MSFT_20251106_143000,MSFT,2025-11-06 14:30:00+00:00,-1,8,78.18991840617073,5.5893479835405095,516.3045769764217,13.093943359566342,0.0358638897326308,2025-11-06 14:10:00+00:00,2025-11-06 14:30:00+00:00,2025-11-06 14:35:00+00:00,2025-11-06 15:30:00+00:00,-0.0055994469682006,-0.0065843703137258,continuation,0.655104104472845,min_quota
MSFT_20251121_145500,MSFT,2025-11-21 14:55:00+00:00,-1,8,106.51841792565176,4.161008702152808,275.65398091095807,11.795843336637676,0.1221097891109006,2025-11-21 14:35:00+00:00,2025-11-21 14:55:00+00:00,2025-11-21 15:00:00+00:00,2025-11-21 15:55:00+00:00,-0.0061187071088061,-0.0077479680796112,continuation,0.6523652416168209,min_quota
MSFT_20260113_151500,MSFT,2026-01-13 15:15:00+00:00,-1,8,88.44647867789269,4.602505977918103,406.57782573509576,11.138766813262077,0.1006464153946353,2026-01-13 14:55:00+00:00,2026-01-13 15:15:00+00:00,2026-01-13 15:20:00+00:00,2026-01-13 16:15:00+00:00,-0.0056663812332835,-0.0033277693313629,continuation,0.6424444597717958,top_global
MSFT_20260105_143000,MSFT,2026-01-05 14:30:00+00:00,-1,3,84.62323524408788,4.877771961998366,747.2543140028289,26.829949666829005,0.0535717150164377,2026-01-05 14:10:00+00:00,2026-01-05 14:30:00+00:00,2026-01-05 14:35:00+00:00,2026-01-05 15:30:00+00:00,-0.0080776125698618,0.0057407722401767,reversal,0.6375477870056028,top_global
NFLX_20251111_143000,NFLX,2025-11-11 14:30:00+00:00,1,7,132.695060844672,7.398162327959609,694.5835543766578,25.452277518257794,0.1027897089234733,2025-11-11 14:10:00+00:00,2025-11-11 14:30:00+00:00,2025-11-11 14:35:00+00:00,2025-11-11 15:30:00+00:00,0.004644826328549,0.0016994999377146,unclear,0.8063277935101956,high_strength_unclear
NFLX_20251028_133000,NFLX,2025-10-28 13:30:00+00:00,1,12,111.24458849928854,5.071306229336576,218.4823677581864,6837.704290373389,0.3887890435873512,2025-10-28 13:10:00+00:00,2025-10-28 13:30:00+00:00,2025-10-28 13:35:00+00:00,2025-10-28 14:30:00+00:00,0.0016289881494986,0.0054405448917762,continuation,0.7866834605694333,min_quota
NFLX_20251110_143000,NFLX,2025-11-10 14:30:00+00:00,1,4,139.70994500077438,5.712521680231233,589.0766917293233,23.54874650699732,0.0567280228599552,2025-11-10 14:10:00+00:00,2025-11-10 14:30:00+00:00,2025-11-10 14:35:00+00:00,2025-11-10 15:30:00+00:00,0.0091305250051878,0.0055923611297374,continuation,0.7657918622375108,min_quota
NFLX_20260113_143000,NFLX,2026-01-13 14:30:00+00:00,1,8,144.49200878237312,4.958932832701213,805.945810754481,19.963219566311377,0.0913877081711976,2026-01-13 14:10:00+00:00,2026-01-13 14:30:00+00:00,2026-01-13 14:35:00+00:00,2026-01-13 15:30:00+00:00,0.0096384332105792,-0.010375390859443,reversal,0.7652461930643419,min_quota
NFLX_20251030_195500,NFLX,2025-10-30 19:55:00+00:00,-1,4,321.3957759412378,5.137245974614994,10.541923039830264,21.010472103056745,3.441703800064935,2025-10-30 19:35:00+00:00,2025-10-30 19:55:00+00:00,2025-10-30 20:00:00+00:00,2025-10-30 20:55:00+00:00,-0.0028378341254361,0.0303591320294858,reversal,0.7491439501578563,min_quota
NFLX_20251021_200000,NFLX,2025-10-21 20:00:00+00:00,-1,16,668.2989690721653,4.969091937909424,10.969316994395363,61.81008060330471,13.647896460769507,2025-10-21 19:40:00+00:00,2025-10-21 20:00:00+00:00,2025-10-21 20:05:00+00:00,2025-10-21 21:00:00+00:00,-0.0630825874334329,0.0142914878797519,reversal,0.7362459535495081,min_quota
NFLX_20260106_143000,NFLX,2026-01-06 14:30:00+00:00,-1,7,140.01881675797856,4.973977345975461,1428.7269612881123,22.627347355272203,0.0407637335442736,2026-01-06 14:10:00+00:00,2026-01-06 14:30:00+00:00,2026-01-06 14:35:00+00:00,2026-01-06 15:30:00+00:00,-0.0144540198538235,-0.0005589683989152,unclear,0.7237824450029149,high_strength_unclear
NFLX_20251210_143000,NFLX,2025-12-10 14:30:00+00:00,-1,4,128.11489283259814,6.475343022664611,576.5348618680699,10.358952276043974,0.0371595385569043,2025-12-10 14:10:00+00:00,2025-12-10 14:30:00+00:00,2025-12-10 14:35:00+00:00,2025-12-10 15:30:00+00:00,-0.0054353452738379,-0.0080154062353614,continuation,0.7216746650334891,min_quota
NFLX_20251215_143000,NFLX,2025-12-15 14:30:00+00:00,-1,3,170.03019227713523,5.098845786129198,440.20050324460334,17.86870875186051,0.1013689088341543,2025-12-15 14:10:00+00:00,2025-12-15 14:30:00+00:00,2025-12-15 14:35:00+00:00,2025-12-15 15:30:00+00:00,-0.0149053928814008,-0.0064060937610539,continuation,0.7152724354981425,min_quota
NFLX_20260102_143000,NFLX,2026-01-02 14:30:00+00:00,-1,3,212.67361111110492,4.630440260274852,1362.434705882353,35.84899238516738,0.0558160057815203,2026-01-02 14:10:00+00:00,2026-01-02 14:30:00+00:00,2026-01-02 14:35:00+00:00,2026-01-02 15:30:00+00:00,-0.0194494632798384,0.0024387600260133,unclear,0.711357234899375,high_strength_unclear
NFLX_20260114_143000,NFLX,2026-01-14 14:30:00+00:00,-1,5,228.7481303915961,5.005533220252302,284.63963577932515,8.624291603367892,0.0860573649156955,2026-01-14 14:10:00+00:00,2026-01-14 14:30:00+00:00,2026-01-14 14:35:00+00:00,2026-01-14 15:30:00+00:00,-0.0074663750683433,-0.0208467375880274,continuation,0.7073775343128594,min_quota
NFLX_20260105_143000,NFLX,2026-01-05 14:30:00+00:00,1,6,101.70423309510124,5.148418606287029,777.1105505267844,8.130886131203182,0.1247734783817955,2026-01-05 14:10:00+00:00,2026-01-05 14:30:00+00:00,2026-01-05 14:35:00+00:00,2026-01-05 15:30:00+00:00,0.0043931905546403,0.002351011481684,unclear,0.7059418563246398,high_strength_unclear
NFLX_20251229_143500,NFLX,2025-12-29 14:35:00+00:00,1,7,90.41256518653285,5.568069304972711,679.1269565217391,10.14390145494394,0.0714256348793371,2025-12-29 14:15:00+00:00,2025-12-29 14:35:00+00:00,2025-12-29 14:40:00+00:00,2025-12-29 15:35:00+00:00,0.0064341167712431,-0.0079611137528398,reversal,0.6749100545818558,top_global
NFLX_20251124_205000,NFLX,2025-11-24 20:50:00+00:00,1,3,246.00363740786776,4.828827759308344,30.72407514176659,14.683376440823316,0.8025871792300692,2025-11-24 20:30:00+00:00,2025-11-24 20:50:00+00:00,2025-11-24 20:55:00+00:00,2025-11-24 21:50:00+00:00,0.0150110362614557,0.002056884535694,unclear,0.66014919203762,high_strength_unclear
NVDA_20251202_143000,NVDA,2025-12-02 14:30:00+00:00,1,4,193.68328381203392,5.639169369551963,412.2384423157018,17.329729656665755,0.1459136435082329,2025-12-02 14:10:00+00:00,2025-12-02 14:30:00+00:00,2025-12-02 14:35:00+00:00,2025-12-02 15:30:00+00:00,0.013008397826445,-0.0057704811443433,reversal,0.8377785948028329,min_quota
NVDA_20251113_143000,NVDA,2025-11-13 14:30:00+00:00,-1,16,207.93243532178485,6.981655459522476,263.0084933296803,9.038277449066646,0.1284712296712678,2025-11-13 14:10:00+00:00,2025-11-13 14:30:00+00:00,2025-11-13 14:35:00+00:00,2025-11-13 15:30:00+00:00,-0.0046902271623731,-0.0122568021560158,continuation,0.8333139406502512,min_quota
NVDA_20260105_143000,NVDA,2026-01-05 14:30:00+00:00,1,4,169.19945911821887,5.567289595630495,356.872152137074,13.027009403750135,0.1810420645210145,2026-01-05 14:10:00+00:00,2026-01-05 14:30:00+00:00,2026-01-05 14:35:00+00:00,2026-01-05 15:30:00+00:00,0.0047118238142342,-0.0151833139007643,reversal,0.782973341949273,min_quota
NVDA_20251208_143000,NVDA,2025-12-08 14:30:00+00:00,1,11,155.7444474910863,6.863492591878221,591.7483237174489,26.225503555790755,0.106373799166917,2025-12-08 14:10:00+00:00,2025-12-08 14:30:00+00:00,2025-12-08 14:35:00+00:00,2025-12-08 15:30:00+00:00,0.0109921130191368,-0.0043118474691412,reversal,0.7829361344060382,min_quota
NVDA_20251208_175500,NVDA,2025-12-08 17:55:00+00:00,1,7,229.7470599470697,5.317520423444979,11.896674153785009,11.427097131791909,1.45319552757119,2025-12-08 17:35:00+00:00,2025-12-08 17:55:00+00:00,2025-12-08 18:00:00+00:00,2025-12-08 18:55:00+00:00,0.0135536829474489,-0.0075337674218372,reversal,0.7405373010197347,min_quota
NVDA_20260114_143000,NVDA,2026-01-14 14:30:00+00:00,-1,11,119.18270332376358,6.47441944809801,422.4542872172541,16.781799972885622,0.1046434553333185,2026-01-14 14:10:00+00:00,2026-01-14 14:30:00+00:00,2026-01-14 14:35:00+00:00,2026-01-14 15:30:00+00:00,-0.0055202490455315,-0.0084500899525705,continuation,0.7043469508591191,min_quota
NVDA_20251205_143500,NVDA,2025-12-05 14:35:00+00:00,-1,7,147.83712204811115,5.652056886232312,300.57446584570044,11.909680087635904,0.1462831029291751,2025-12-05 14:15:00+00:00,2025-12-05 14:35:00+00:00,2025-12-05 14:40:00+00:00,2025-12-05 15:35:00+00:00,-0.0086558876367793,0.0052718286655684,reversal,0.6933590189579718,min_quota
NVDA_20251125_143000,NVDA,2025-11-25 14:30:00+00:00,-1,14,194.2287974219936,4.671477745398284,115.87643633229472,5.622895020008932,0.2195713462857262,2025-11-25 14:10:00+00:00,2025-11-25 14:30:00+00:00,2025-11-25 14:35:00+00:00,2025-11-25 15:30:00+00:00,-0.0040641099026902,-0.0131042013908845,continuation,0.6836814522679524,min_quota
NVDA_20260112_143000,NVDA,2026-01-12 14:30:00+00:00,1,4,166.32602874474767,4.783188444835366,270.88613458210324,14.789669761024513,0.162851648961632,2026-01-12 14:10:00+00:00,2026-01-12 14:30:00+00:00,2026-01-12 14:35:00+00:00,2026-01-12 15:30:00+00:00,0.0099404664372713,-0.0047320317992537,reversal,0.660027908338594,top_global
NVDA_20251124_144000,NVDA,2025-11-24 14:40:00+00:00,-1,6,163.69444758566055,5.37354532161239,124.2431553266468,6.770964618240395,0.1580433928250746,2025-11-24 14:20:00+00:00,2025-11-24 14:40:00+00:00,2025-11-24 14:45:00+00:00,2025-11-24 15:40:00+00:00,-0.0064649166805996,0.0059460369103045,reversal,0.6341787068884308,top_global
PLTR_20251202_143000,PLTR,2025-12-02 14:30:00+00:00,1,26,237.04227843622584,6.496616768349608,785.5719832735962,32.38278998320924,0.3658836346586198,2025-12-02 14:10:00+00:00,2025-12-02 14:30:00+00:00,2025-12-02 14:35:00+00:00,2025-12-02 15:30:00+00:00,0.0149572335093366,0.0010150517676401,unclear,0.9908677965145631,high_strength_unclear
PLTR_20251106_143500,PLTR,2025-11-06 14:35:00+00:00,1,24,357.9763656788559,6.675190297770413,257.9788872040126,12.73792961923385,0.3629179722235705,2025-11-06 14:15:00+00:00,2025-11-06 14:35:00+00:00,2025-11-06 14:40:00+00:00,2025-11-06 15:35:00+00:00,0.0029248355510413,-0.0440962815246781,reversal,0.8799704702731532,min_quota
PLTR_20251029_134000,PLTR,2025-10-29 13:40:00+00:00,1,7,247.8711162255487,6.022528311538783,289.7060633484163,19.622813138442503,0.1396650682161369,2025-10-29 13:20:00+00:00,2025-10-29 13:40:00+00:00,2025-10-29 13:45:00+00:00,2025-10-29 14:40:00+00:00,0.0180666282541512,0.0109122752677903,continuation,0.8129183223041518,min_quota
PLTR_20260114_143000,PLTR,2026-01-14 14:30:00+00:00,1,19,221.57072785703,4.595478321466205,390.6045487894351,30.54226710357937,0.3001354281697986,2026-01-14 14:10:00+00:00,2026-01-14 14:30:00+00:00,2026-01-14 14:35:00+00:00,2026-01-14 15:30:00+00:00,0.0183676908386227,-0.0224489795918368,reversal,0.7879394539375368,min_quota
PLTR_20251218_143000,PLTR,2025-12-18 14:30:00+00:00,1,12,224.2698962202683,4.481533580363896,559.812757201646,19.949426150345285,0.133789568476824,2025-12-18 14:10:00+00:00,2025-12-18 14:30:00+00:00,2025-12-18 14:35:00+00:00,2025-12-18 15:30:00+00:00,0.0113642602250891,0.0146563890999891,continuation,0.7525046358218086,min_quota
PLTR_20251222_143500,PLTR,2025-12-22 14:35:00+00:00,1,15,170.296015568987,5.150367904835576,333.0865211440098,28.18874203903337,0.3625918634664414,2025-12-22 14:15:00+00:00,2025-12-22 14:35:00+00:00,2025-12-22 14:40:00+00:00,2025-12-22 15:35:00+00:00,0.0170326287707778,-0.0243144673123486,reversal,0.723981919290934,min_quota
PLTR_20251226_143000,PLTR,2025-12-26 14:30:00+00:00,-1,7,106.02271543191044,5.805676027798274,608.2669935368843,27.419282542615072,0.1050493000824841,2025-12-26 14:10:00+00:00,2025-12-26 14:30:00+00:00,2025-12-26 14:35:00+00:00,2025-12-26 15:30:00+00:00,-0.0037750385208011,-0.0104915835331116,continuation,0.6673203808859413,min_quota
PLTR_20251215_143000,PLTR,2025-12-15 14:30:00+00:00,1,7,156.50165486200018,4.92249504578178,527.8931708699348,19.71413498289684,0.1052115686072146,2025-12-15 14:10:00+00:00,2025-12-15 14:30:00+00:00,2025-12-15 14:35:00+00:00,2025-12-15 15:30:00+00:00,0.0104522068778771,-0.0104512809518706,reversal,0.6668051939613696,min_quota
PLTR_20251124_143000,PLTR,2025-11-24 14:30:00+00:00,1,16,209.2623264110105,4.317592559619833,306.27483879914024,12.593128351418333,0.1081398349512304,2025-11-24 14:10:00+00:00,2025-11-24 14:30:00+00:00,2025-11-24 14:35:00+00:00,2025-11-24 15:30:00+00:00,0.0199516324062878,0.0064181199887687,continuation,0.6054527779451687,min_quota
QQQ_20251125_144000,QQQ,2025-11-25 14:40:00+00:00,-1,6,89.87843419226094,5.5833452982905225,111.49486692940204,8.849867304598,0.201992580059543,2025-11-25 14:20:00+00:00,2025-11-25 14:40:00+00:00,2025-11-25 14:45:00+00:00,2025-11-25 15:40:00+00:00,-0.0053675264648874,0.0046969469844602,reversal,0.8488849031258137,min_quota
QQQ_20251106_145000,QQQ,2025-11-06 14:50:00+00:00,-1,10,83.82312328411246,6.333417598876365,79.85688529910215,6.919141391628592,0.4073999872676572,2025-11-06 14:30:00+00:00,2025-11-06 14:50:00+00:00,2025-11-06 14:55:00+00:00,2025-11-06 15:50:00+00:00,-0.0035580313299954,-0.0084502035804302,continuation,0.8372749655301532,min_quota
QQQ_20260102_151000,QQQ,2026-01-02 15:10:00+00:00,-1,8,82.48344236317706,4.845000019130775,128.57398910238027,12.551326618330966,0.2330201747466652,2026-01-02 14:50:00+00:00,2026-01-02 15:10:00+00:00,2026-01-02 15:15:00+00:00,2026-01-02 16:10:00+00:00,-0.0054228887744592,-0.0085589010953452,continuation,0.8000409750308171,min_quota
QQQ_20251113_143500,QQQ,2025-11-13 14:35:00+00:00,-1,13,72.90652864026637,4.8095849481673225,83.5494914912899,5.639472005388403,0.2747931154319438,2025-11-13 14:15:00+00:00,2025-11-13 14:35:00+00:00,2025-11-13 14:40:00+00:00,2025-11-13 15:35:00+00:00,-0.0041308925967924,-0.0016229361529076,unclear,0.6668207158975522,high_strength_unclear
QQQ_20251212_155500,QQQ,2025-12-12 15:55:00+00:00,-1,3,84.9497727328341,4.938461445146669,94.64043599059627,7.273740990960172,0.1482552606473396,2025-12-12 15:35:00+00:00,2025-12-12 15:55:00+00:00,2025-12-12 16:00:00+00:00,2025-12-12 16:55:00+00:00,-0.0048757572812389,-0.0025556297104163,unclear,0.6529502747605336,high_strength_unclear
QQQ_20251119_144000,QQQ,2025-11-19 14:40:00+00:00,1,6,65.64668380854455,5.296658573225427,91.0151258094578,5.332046043005396,0.2121390497603902,2025-11-19 14:20:00+00:00,2025-11-19 14:40:00+00:00,2025-11-19 14:45:00+00:00,2025-11-19 15:40:00+00:00,0.0041486834621433,0.0068303735048145,continuation,0.6316041872979041,top_global
SPY_20251125_144500,SPY,2025-11-25 14:45:00+00:00,-1,2,67.89882098171107,5.475519594007964,277.8011822212118,10.407977981222906,0.1024048269043613,2025-11-25 14:25:00+00:00,2025-11-25 14:45:00+00:00,2025-11-25 14:50:00+00:00,2025-11-25 15:45:00+00:00,-0.0055631991386012,0.0074816530317611,reversal,0.6635717315878594,min_quota
SPY_20251029_183500,SPY,2025-10-29 18:35:00+00:00,-1,5,68.93120051515655,4.535456472960246,12.284038167301862,13.9596050526757,2.099845648639856,2025-10-29 18:15:00+00:00,2025-10-29 18:35:00+00:00,2025-10-29 18:40:00+00:00,2025-10-29 19:35:00+00:00,-0.0065402223675604,0.002706458927657,unclear,0.6299715864282274,min_quota_unclear_fill
SPY_20251114_143000,SPY,2025-11-14 14:30:00+00:00,-1,3,63.89294917194866,4.272145861316961,138.91230302437114,5.038523982064806,0.0547631686998287,2025-11-14 14:10:00+00:00,2025-11-14 14:30:00+00:00,2025-11-14 14:35:00+00:00,2025-11-14 15:30:00+00:00,-0.0029148824280669,0.0092825605400761,reversal,0.35532538491770627,min_quota
TSLA_20251215_143000,TSLA,2025-12-15 14:30:00+00:00,1,21,199.39370650270627,5.167015005387306,477.4437554332077,21.65225839363292,0.4695265967915811,2025-12-15 14:10:00+00:00,2025-12-15 14:30:00+00:00,2025-12-15 14:35:00+00:00,2025-12-15 15:30:00+00:00,0.0115429666702162,-0.0031159862728172,reversal,0.942878839654417,min_quota
TSLA_20251212_143000,TSLA,2025-12-12 14:30:00+00:00,1,12,232.3171412618641,7.084740509625522,616.9048766303896,19.947309812113826,0.1179332010677427,2025-12-12 14:10:00+00:00,2025-12-12 14:30:00+00:00,2025-12-12 14:35:00+00:00,2025-12-12 15:30:00+00:00,0.0124214840725871,-0.005288493386623,reversal,0.9019479375653914,min_quota
TSLA_20251103_143000,TSLA,2025-11-03 14:30:00+00:00,1,16,259.70399207372543,6.441168878520552,216.780948632159,17.53145150582819,0.153574298221896,2025-11-03 14:10:00+00:00,2025-11-03 14:30:00+00:00,2025-11-03 14:35:00+00:00,2025-11-03 15:30:00+00:00,0.0033076753903673,0.0260591752812338,continuation,0.8190725416067732,min_quota
TSLA_20251204_143000,TSLA,2025-12-04 14:30:00+00:00,-1,15,160.8203518995821,5.292723527643177,248.23446045887653,10.240311180021347,0.2336685943821942,2025-12-04 14:10:00+00:00,2025-12-04 14:30:00+00:00,2025-12-04 14:35:00+00:00,2025-12-04 15:30:00+00:00,-0.0068340679399849,0.0098621539840861,reversal,0.779856722255579,min_quota
TSLA_20251106_144000,TSLA,2025-11-06 14:40:00+00:00,1,28,172.31051885956416,5.612656372564593,168.80916480923037,9.526880820562482,0.6681547974907162,2025-11-06 14:20:00+00:00,2025-11-06 14:40:00+00:00,2025-11-06 14:45:00+00:00,2025-11-06 15:40:00+00:00,0.0063333694827025,-0.0376496325193439,reversal,0.7770074420351556,min_quota
TSLA_20251202_145000,TSLA,2025-12-02 14:50:00+00:00,-1,9,170.34516381247312,5.649945874575368,246.28988579964343,12.585252426558506,0.1538157693600122,2025-12-02 14:30:00+00:00,2025-12-02 14:50:00+00:00,2025-12-02 14:55:00+00:00,2025-12-02 15:50:00+00:00,-0.0051127434415626,0.0067092928646865,reversal,0.7736444691293871,min_quota
TSLA_20251224_143000,TSLA,2025-12-24 14:30:00+00:00,-1,5,149.613498462311,7.296305406438304,517.9109542245502,29.18128978787784,0.0880948185061036,2025-12-24 14:10:00+00:00,2025-12-24 14:30:00+00:00,2025-12-24 14:35:00+00:00,2025-12-24 15:30:00+00:00,-0.0052652066132633,-0.0147670634757177,continuation,0.7677328903065725,min_quota
TSLA_20251117_143000,TSLA,2025-11-17 14:30:00+00:00,1,12,253.29572520997652,5.420410993038941,152.59746438666704,9.193068684341728,0.1642952088495576,2025-11-17 14:10:00+00:00,2025-11-17 14:30:00+00:00,2025-11-17 14:35:00+00:00,2025-11-17 15:30:00+00:00,0.018022517652636,0.0271604938271605,continuation,0.7549160232751142,min_quota
TSLA_20251216_143000,TSLA,2025-12-16 14:30:00+00:00,-1,10,155.8319241389694,4.523554314814385,221.44003131524008,12.791642619097876,0.1716844405194544,2025-12-16 14:10:00+00:00,2025-12-16 14:30:00+00:00,2025-12-16 14:35:00+00:00,2025-12-16 15:30:00+00:00,-0.0088681446907817,0.0146092428880277,reversal,0.6340985550006328,top_global
TSLA_20251113_143500,TSLA,2025-11-13 14:35:00+00:00,-1,15,137.04368641531684,4.972851171528117,188.40688301675195,8.388958695761817,0.1859409008054137,2025-11-13 14:15:00+00:00,2025-11-13 14:35:00+00:00,2025-11-13 14:40:00+00:00,2025-11-13 15:35:00+00:00,-0.0090582906749073,-0.0269243157273036,continuation,0.6327374407102235,top_global
XLK_20251125_144000,XLK,2025-11-25 14:40:00+00:00,-1,9,134.47343418840464,6.0167147421761324,382.94142259414224,26.74996310744697,0.0649395532920368,2025-11-25 14:20:00+00:00,2025-11-25 14:40:00+00:00,2025-11-25 14:45:00+00:00,2025-11-25 15:40:00+00:00,-0.0070409821267376,0.0075636363636362,reversal,0.8280288817311268,min_quota
XLK_20251114_143500,XLK,2025-11-14 14:35:00+00:00,1,11,148.12177318853205,5.477518754188411,1497.0683477106834,23.387384757566377,0.0178682917780036,2025-11-14 14:15:00+00:00,2025-11-14 14:35:00+00:00,2025-11-14 14:40:00+00:00,2025-11-14 15:35:00+00:00,0.0060418665813697,0.0161090896244744,continuation,0.817131981829101,min_quota
XLK_20260108_143000,XLK,2026-01-08 14:30:00+00:00,-1,6,97.65219198005548,6.536619282815671,833.4585635359116,27.312274634807967,0.0221286446369152,2026-01-08 14:05:00+00:00,2026-01-08 14:30:00+00:00,2026-01-08 14:35:00+00:00,2026-01-08 15:30:00+00:00,-0.0059544179043187,-0.007435968052878,continuation,0.7587153233745905,min_quota
XLK_20251106_144000,XLK,2025-11-06 14:40:00+00:00,-1,12,98.99969062596712,5.357103047719687,209.6537195523371,9.915989463451334,0.1176551441825025,2025-11-06 14:20:00+00:00,2025-11-06 14:40:00+00:00,2025-11-06 14:45:00+00:00,2025-11-06 15:40:00+00:00,-0.0041388200970247,-0.0133197070345768,continuation,0.6932420408566708,top_global
